"","Traditional_SOC","Teacher_White","NewTeaching","PCT_FRPM_15bin","AcademicYear","N"
"1","Elementary School",0,"0","Quintile 1","12",3499
"2","Elementary School",0,"0","Quintile 1","13",3594
"3","Elementary School",0,"0","Quintile 1","14",3800
"4","Elementary School",0,"0","Quintile 1","15",4017
"5","Elementary School",0,"0","Quintile 1","16",4208
"6","Elementary School",0,"0","Quintile 1","17",4242
"7","Elementary School",0,"0","Quintile 2","12",3864
"8","Elementary School",0,"0","Quintile 2","13",4132
"9","Elementary School",0,"0","Quintile 2","14",4325
"10","Elementary School",0,"0","Quintile 2","15",4474
"11","Elementary School",0,"0","Quintile 2","16",4722
"12","Elementary School",0,"0","Quintile 2","17",4902
"13","Elementary School",0,"0","Quintile 3","12",4930
"14","Elementary School",0,"0","Quintile 3","13",5086
"15","Elementary School",0,"0","Quintile 3","14",5237
"16","Elementary School",0,"0","Quintile 3","15",5229
"17","Elementary School",0,"0","Quintile 3","16",5669
"18","Elementary School",0,"0","Quintile 3","17",5830
"19","Elementary School",0,"0","Quintile 4","12",8774
"20","Elementary School",0,"0","Quintile 4","13",8833
"21","Elementary School",0,"0","Quintile 4","14",9098
"22","Elementary School",0,"0","Quintile 4","15",8996
"23","Elementary School",0,"0","Quintile 4","16",9889
"24","Elementary School",0,"0","Quintile 4","17",10077
"25","Elementary School",0,"0","Quintile 5","12",18665
"26","Elementary School",0,"0","Quintile 5","13",18527
"27","Elementary School",0,"0","Quintile 5","14",18727
"28","Elementary School",0,"0","Quintile 5","15",14483
"29","Elementary School",0,"0","Quintile 5","16",19719
"30","Elementary School",0,"0","Quintile 5","17",19623
"31","Elementary School",0,"1","Quintile 1","12",128
"32","Elementary School",0,"1","Quintile 1","13",182
"33","Elementary School",0,"1","Quintile 1","14",255
"34","Elementary School",0,"1","Quintile 1","15",220
"35","Elementary School",0,"1","Quintile 1","16",228
"36","Elementary School",0,"1","Quintile 1","17",248
"37","Elementary School",0,"1","Quintile 2","12",165
"38","Elementary School",0,"1","Quintile 2","13",243
"39","Elementary School",0,"1","Quintile 2","14",298
"40","Elementary School",0,"1","Quintile 2","15",313
"41","Elementary School",0,"1","Quintile 2","16",314
"42","Elementary School",0,"1","Quintile 2","17",302
"43","Elementary School",0,"1","Quintile 3","12",183
"44","Elementary School",0,"1","Quintile 3","13",249
"45","Elementary School",0,"1","Quintile 3","14",367
"46","Elementary School",0,"1","Quintile 3","15",393
"47","Elementary School",0,"1","Quintile 3","16",400
"48","Elementary School",0,"1","Quintile 3","17",397
"49","Elementary School",0,"1","Quintile 4","12",293
"50","Elementary School",0,"1","Quintile 4","13",428
"51","Elementary School",0,"1","Quintile 4","14",624
"52","Elementary School",0,"1","Quintile 4","15",639
"53","Elementary School",0,"1","Quintile 4","16",754
"54","Elementary School",0,"1","Quintile 4","17",630
"55","Elementary School",0,"1","Quintile 5","12",389
"56","Elementary School",0,"1","Quintile 5","13",584
"57","Elementary School",0,"1","Quintile 5","14",900
"58","Elementary School",0,"1","Quintile 5","15",992
"59","Elementary School",0,"1","Quintile 5","16",1190
"60","Elementary School",0,"1","Quintile 5","17",1058
"61","Elementary School",1,"0","Quintile 1","12",19619
"62","Elementary School",1,"0","Quintile 1","13",19502
"63","Elementary School",1,"0","Quintile 1","14",20150
"64","Elementary School",1,"0","Quintile 1","15",20338
"65","Elementary School",1,"0","Quintile 1","16",20375
"66","Elementary School",1,"0","Quintile 1","17",20086
"67","Elementary School",1,"0","Quintile 2","12",16161
"68","Elementary School",1,"0","Quintile 2","13",16401
"69","Elementary School",1,"0","Quintile 2","14",16722
"70","Elementary School",1,"0","Quintile 2","15",16701
"71","Elementary School",1,"0","Quintile 2","16",16710
"72","Elementary School",1,"0","Quintile 2","17",16560
"73","Elementary School",1,"0","Quintile 3","12",14496
"74","Elementary School",1,"0","Quintile 3","13",14434
"75","Elementary School",1,"0","Quintile 3","14",14430
"76","Elementary School",1,"0","Quintile 3","15",14584
"77","Elementary School",1,"0","Quintile 3","16",14242
"78","Elementary School",1,"0","Quintile 3","17",14023
"79","Elementary School",1,"0","Quintile 4","12",15800
"80","Elementary School",1,"0","Quintile 4","13",15453
"81","Elementary School",1,"0","Quintile 4","14",15339
"82","Elementary School",1,"0","Quintile 4","15",15737
"83","Elementary School",1,"0","Quintile 4","16",14864
"84","Elementary School",1,"0","Quintile 4","17",14519
"85","Elementary School",1,"0","Quintile 5","12",15968
"86","Elementary School",1,"0","Quintile 5","13",15496
"87","Elementary School",1,"0","Quintile 5","14",15228
"88","Elementary School",1,"0","Quintile 5","15",19893
"89","Elementary School",1,"0","Quintile 5","16",14600
"90","Elementary School",1,"0","Quintile 5","17",14160
"91","Elementary School",1,"0",NA,"14",1
"92","Elementary School",1,"1","Quintile 1","12",538
"93","Elementary School",1,"1","Quintile 1","13",673
"94","Elementary School",1,"1","Quintile 1","14",787
"95","Elementary School",1,"1","Quintile 1","15",802
"96","Elementary School",1,"1","Quintile 1","16",838
"97","Elementary School",1,"1","Quintile 1","17",709
"98","Elementary School",1,"1","Quintile 2","12",488
"99","Elementary School",1,"1","Quintile 2","13",635
"100","Elementary School",1,"1","Quintile 2","14",900
"101","Elementary School",1,"1","Quintile 2","15",948
"102","Elementary School",1,"1","Quintile 2","16",868
"103","Elementary School",1,"1","Quintile 2","17",733
"104","Elementary School",1,"1","Quintile 3","12",477
"105","Elementary School",1,"1","Quintile 3","13",625
"106","Elementary School",1,"1","Quintile 3","14",966
"107","Elementary School",1,"1","Quintile 3","15",956
"108","Elementary School",1,"1","Quintile 3","16",866
"109","Elementary School",1,"1","Quintile 3","17",768
"110","Elementary School",1,"1","Quintile 4","12",530
"111","Elementary School",1,"1","Quintile 4","13",734
"112","Elementary School",1,"1","Quintile 4","14",1061
"113","Elementary School",1,"1","Quintile 4","15",977
"114","Elementary School",1,"1","Quintile 4","16",981
"115","Elementary School",1,"1","Quintile 4","17",820
"116","Elementary School",1,"1","Quintile 5","12",460
"117","Elementary School",1,"1","Quintile 5","13",642
"118","Elementary School",1,"1","Quintile 5","14",1054
"119","Elementary School",1,"1","Quintile 5","15",1143
"120","Elementary School",1,"1","Quintile 5","16",992
"121","Elementary School",1,"1","Quintile 5","17",786
"122","Elementary School",NA,"0","Quintile 1","12",530
"123","Elementary School",NA,"0","Quintile 1","13",786
"124","Elementary School",NA,"0","Quintile 1","14",511
"125","Elementary School",NA,"0","Quintile 1","15",516
"126","Elementary School",NA,"0","Quintile 1","16",466
"127","Elementary School",NA,"0","Quintile 1","17",820
"128","Elementary School",NA,"0","Quintile 2","12",643
"129","Elementary School",NA,"0","Quintile 2","13",473
"130","Elementary School",NA,"0","Quintile 2","14",461
"131","Elementary School",NA,"0","Quintile 2","15",469
"132","Elementary School",NA,"0","Quintile 2","16",505
"133","Elementary School",NA,"0","Quintile 2","17",650
"134","Elementary School",NA,"0","Quintile 3","12",487
"135","Elementary School",NA,"0","Quintile 3","13",446
"136","Elementary School",NA,"0","Quintile 3","14",517
"137","Elementary School",NA,"0","Quintile 3","15",509
"138","Elementary School",NA,"0","Quintile 3","16",545
"139","Elementary School",NA,"0","Quintile 3","17",808
"140","Elementary School",NA,"0","Quintile 4","12",629
"141","Elementary School",NA,"0","Quintile 4","13",896
"142","Elementary School",NA,"0","Quintile 4","14",1009
"143","Elementary School",NA,"0","Quintile 4","15",920
"144","Elementary School",NA,"0","Quintile 4","16",868
"145","Elementary School",NA,"0","Quintile 4","17",1112
"146","Elementary School",NA,"0","Quintile 5","12",951
"147","Elementary School",NA,"0","Quintile 5","13",1182
"148","Elementary School",NA,"0","Quintile 5","14",1236
"149","Elementary School",NA,"0","Quintile 5","15",801
"150","Elementary School",NA,"0","Quintile 5","16",719
"151","Elementary School",NA,"0","Quintile 5","17",923
"152","Elementary School",NA,"0",NA,"14",1
"153","Elementary School",NA,"1","Quintile 1","12",38
"154","Elementary School",NA,"1","Quintile 1","13",87
"155","Elementary School",NA,"1","Quintile 1","14",82
"156","Elementary School",NA,"1","Quintile 1","15",79
"157","Elementary School",NA,"1","Quintile 1","16",92
"158","Elementary School",NA,"1","Quintile 1","17",91
"159","Elementary School",NA,"1","Quintile 2","12",54
"160","Elementary School",NA,"1","Quintile 2","13",99
"161","Elementary School",NA,"1","Quintile 2","14",76
"162","Elementary School",NA,"1","Quintile 2","15",129
"163","Elementary School",NA,"1","Quintile 2","16",115
"164","Elementary School",NA,"1","Quintile 2","17",123
"165","Elementary School",NA,"1","Quintile 3","12",67
"166","Elementary School",NA,"1","Quintile 3","13",131
"167","Elementary School",NA,"1","Quintile 3","14",122
"168","Elementary School",NA,"1","Quintile 3","15",154
"169","Elementary School",NA,"1","Quintile 3","16",151
"170","Elementary School",NA,"1","Quintile 3","17",113
"171","Elementary School",NA,"1","Quintile 4","12",103
"172","Elementary School",NA,"1","Quintile 4","13",200
"173","Elementary School",NA,"1","Quintile 4","14",191
"174","Elementary School",NA,"1","Quintile 4","15",191
"175","Elementary School",NA,"1","Quintile 4","16",164
"176","Elementary School",NA,"1","Quintile 4","17",191
"177","Elementary School",NA,"1","Quintile 5","12",162
"178","Elementary School",NA,"1","Quintile 5","13",344
"179","Elementary School",NA,"1","Quintile 5","14",496
"180","Elementary School",NA,"1","Quintile 5","15",224
"181","Elementary School",NA,"1","Quintile 5","16",133
"182","Elementary School",NA,"1","Quintile 5","17",108
"183","High School",0,"0","Quintile 1","12",2863
"184","High School",0,"0","Quintile 1","13",3016
"185","High School",0,"0","Quintile 1","14",3143
"186","High School",0,"0","Quintile 1","15",3331
"187","High School",0,"0","Quintile 1","16",3498
"188","High School",0,"0","Quintile 1","17",3646
"189","High School",0,"0","Quintile 2","12",3745
"190","High School",0,"0","Quintile 2","13",3885
"191","High School",0,"0","Quintile 2","14",3997
"192","High School",0,"0","Quintile 2","15",4127
"193","High School",0,"0","Quintile 2","16",4254
"194","High School",0,"0","Quintile 2","17",4401
"195","High School",0,"0","Quintile 3","12",5377
"196","High School",0,"0","Quintile 3","13",5441
"197","High School",0,"0","Quintile 3","14",5574
"198","High School",0,"0","Quintile 3","15",5523
"199","High School",0,"0","Quintile 3","16",5978
"200","High School",0,"0","Quintile 3","17",6214
"201","High School",0,"0","Quintile 4","12",5357
"202","High School",0,"0","Quintile 4","13",5295
"203","High School",0,"0","Quintile 4","14",5368
"204","High School",0,"0","Quintile 4","15",4784
"205","High School",0,"0","Quintile 4","16",5848
"206","High School",0,"0","Quintile 4","17",5916
"207","High School",0,"0","Quintile 5","12",1903
"208","High School",0,"0","Quintile 5","13",1774
"209","High School",0,"0","Quintile 5","14",1797
"210","High School",0,"0","Quintile 5","15",1282
"211","High School",0,"0","Quintile 5","16",1964
"212","High School",0,"0","Quintile 5","17",1945
"213","High School",0,"1","Quintile 1","12",153
"214","High School",0,"1","Quintile 1","13",205
"215","High School",0,"1","Quintile 1","14",279
"216","High School",0,"1","Quintile 1","15",222
"217","High School",0,"1","Quintile 1","16",214
"218","High School",0,"1","Quintile 1","17",213
"219","High School",0,"1","Quintile 2","12",237
"220","High School",0,"1","Quintile 2","13",277
"221","High School",0,"1","Quintile 2","14",398
"222","High School",0,"1","Quintile 2","15",342
"223","High School",0,"1","Quintile 2","16",356
"224","High School",0,"1","Quintile 2","17",291
"225","High School",0,"1","Quintile 3","12",239
"226","High School",0,"1","Quintile 3","13",299
"227","High School",0,"1","Quintile 3","14",384
"228","High School",0,"1","Quintile 3","15",486
"229","High School",0,"1","Quintile 3","16",472
"230","High School",0,"1","Quintile 3","17",454
"231","High School",0,"1","Quintile 4","12",225
"232","High School",0,"1","Quintile 4","13",244
"233","High School",0,"1","Quintile 4","14",278
"234","High School",0,"1","Quintile 4","15",389
"235","High School",0,"1","Quintile 4","16",370
"236","High School",0,"1","Quintile 4","17",411
"237","High School",0,"1","Quintile 5","12",66
"238","High School",0,"1","Quintile 5","13",51
"239","High School",0,"1","Quintile 5","14",94
"240","High School",0,"1","Quintile 5","15",130
"241","High School",0,"1","Quintile 5","16",132
"242","High School",0,"1","Quintile 5","17",143
"243","High School",1,"0","Quintile 1","12",12923
"244","High School",1,"0","Quintile 1","13",12754
"245","High School",1,"0","Quintile 1","14",12795
"246","High School",1,"0","Quintile 1","15",12899
"247","High School",1,"0","Quintile 1","16",12980
"248","High School",1,"0","Quintile 1","17",12997
"249","High School",1,"0","Quintile 2","12",14182
"250","High School",1,"0","Quintile 2","13",14121
"251","High School",1,"0","Quintile 2","14",14080
"252","High School",1,"0","Quintile 2","15",13881
"253","High School",1,"0","Quintile 2","16",13845
"254","High School",1,"0","Quintile 2","17",13960
"255","High School",1,"0","Quintile 3","12",11935
"256","High School",1,"0","Quintile 3","13",11592
"257","High School",1,"0","Quintile 3","14",11515
"258","High School",1,"0","Quintile 3","15",11423
"259","High School",1,"0","Quintile 3","16",10926
"260","High School",1,"0","Quintile 3","17",10765
"261","High School",1,"0","Quintile 4","12",6894
"262","High School",1,"0","Quintile 4","13",6679
"263","High School",1,"0","Quintile 4","14",6576
"264","High School",1,"0","Quintile 4","15",7128
"265","High School",1,"0","Quintile 4","16",6240
"266","High School",1,"0","Quintile 4","17",6187
"267","High School",1,"0","Quintile 5","12",1499
"268","High School",1,"0","Quintile 5","13",1385
"269","High School",1,"0","Quintile 5","14",1312
"270","High School",1,"0","Quintile 5","15",1964
"271","High School",1,"0","Quintile 5","16",1324
"272","High School",1,"0","Quintile 5","17",1290
"273","High School",1,"1","Quintile 1","12",469
"274","High School",1,"1","Quintile 1","13",519
"275","High School",1,"1","Quintile 1","14",733
"276","High School",1,"1","Quintile 1","15",583
"277","High School",1,"1","Quintile 1","16",557
"278","High School",1,"1","Quintile 1","17",509
"279","High School",1,"1","Quintile 2","12",610
"280","High School",1,"1","Quintile 2","13",782
"281","High School",1,"1","Quintile 2","14",964
"282","High School",1,"1","Quintile 2","15",925
"283","High School",1,"1","Quintile 2","16",840
"284","High School",1,"1","Quintile 2","17",685
"285","High School",1,"1","Quintile 3","12",486
"286","High School",1,"1","Quintile 3","13",526
"287","High School",1,"1","Quintile 3","14",675
"288","High School",1,"1","Quintile 3","15",760
"289","High School",1,"1","Quintile 3","16",709
"290","High School",1,"1","Quintile 3","17",584
"291","High School",1,"1","Quintile 4","12",281
"292","High School",1,"1","Quintile 4","13",297
"293","High School",1,"1","Quintile 4","14",314
"294","High School",1,"1","Quintile 4","15",461
"295","High School",1,"1","Quintile 4","16",365
"296","High School",1,"1","Quintile 4","17",290
"297","High School",1,"1","Quintile 5","12",71
"298","High School",1,"1","Quintile 5","13",58
"299","High School",1,"1","Quintile 5","14",69
"300","High School",1,"1","Quintile 5","15",122
"301","High School",1,"1","Quintile 5","16",96
"302","High School",1,"1","Quintile 5","17",83
"303","High School",NA,"0","Quintile 1","12",357
"304","High School",NA,"0","Quintile 1","13",471
"305","High School",NA,"0","Quintile 1","14",438
"306","High School",NA,"0","Quintile 1","15",442
"307","High School",NA,"0","Quintile 1","16",536
"308","High School",NA,"0","Quintile 1","17",638
"309","High School",NA,"0","Quintile 2","12",513
"310","High School",NA,"0","Quintile 2","13",412
"311","High School",NA,"0","Quintile 2","14",440
"312","High School",NA,"0","Quintile 2","15",453
"313","High School",NA,"0","Quintile 2","16",621
"314","High School",NA,"0","Quintile 2","17",712
"315","High School",NA,"0","Quintile 3","12",477
"316","High School",NA,"0","Quintile 3","13",614
"317","High School",NA,"0","Quintile 3","14",521
"318","High School",NA,"0","Quintile 3","15",505
"319","High School",NA,"0","Quintile 3","16",785
"320","High School",NA,"0","Quintile 3","17",1017
"321","High School",NA,"0","Quintile 4","12",319
"322","High School",NA,"0","Quintile 4","13",365
"323","High School",NA,"0","Quintile 4","14",391
"324","High School",NA,"0","Quintile 4","15",257
"325","High School",NA,"0","Quintile 4","16",355
"326","High School",NA,"0","Quintile 4","17",430
"327","High School",NA,"0","Quintile 5","12",159
"328","High School",NA,"0","Quintile 5","13",218
"329","High School",NA,"0","Quintile 5","14",253
"330","High School",NA,"0","Quintile 5","15",135
"331","High School",NA,"0","Quintile 5","16",140
"332","High School",NA,"0","Quintile 5","17",220
"333","High School",NA,"1","Quintile 1","12",63
"334","High School",NA,"1","Quintile 1","13",53
"335","High School",NA,"1","Quintile 1","14",58
"336","High School",NA,"1","Quintile 1","15",82
"337","High School",NA,"1","Quintile 1","16",101
"338","High School",NA,"1","Quintile 1","17",79
"339","High School",NA,"1","Quintile 2","12",85
"340","High School",NA,"1","Quintile 2","13",110
"341","High School",NA,"1","Quintile 2","14",82
"342","High School",NA,"1","Quintile 2","15",129
"343","High School",NA,"1","Quintile 2","16",153
"344","High School",NA,"1","Quintile 2","17",120
"345","High School",NA,"1","Quintile 3","12",92
"346","High School",NA,"1","Quintile 3","13",174
"347","High School",NA,"1","Quintile 3","14",191
"348","High School",NA,"1","Quintile 3","15",169
"349","High School",NA,"1","Quintile 3","16",165
"350","High School",NA,"1","Quintile 3","17",134
"351","High School",NA,"1","Quintile 4","12",112
"352","High School",NA,"1","Quintile 4","13",158
"353","High School",NA,"1","Quintile 4","14",226
"354","High School",NA,"1","Quintile 4","15",104
"355","High School",NA,"1","Quintile 4","16",93
"356","High School",NA,"1","Quintile 4","17",76
"357","High School",NA,"1","Quintile 5","12",100
"358","High School",NA,"1","Quintile 5","13",101
"359","High School",NA,"1","Quintile 5","14",179
"360","High School",NA,"1","Quintile 5","15",66
"361","High School",NA,"1","Quintile 5","16",34
"362","High School",NA,"1","Quintile 5","17",16
"363","Intermediate/Middle/Junior High",0,"0","Quintile 1","12",1202
"364","Intermediate/Middle/Junior High",0,"0","Quintile 1","13",1240
"365","Intermediate/Middle/Junior High",0,"0","Quintile 1","14",1302
"366","Intermediate/Middle/Junior High",0,"0","Quintile 1","15",1414
"367","Intermediate/Middle/Junior High",0,"0","Quintile 1","16",1466
"368","Intermediate/Middle/Junior High",0,"0","Quintile 1","17",1481
"369","Intermediate/Middle/Junior High",0,"0","Quintile 2","12",1678
"370","Intermediate/Middle/Junior High",0,"0","Quintile 2","13",1704
"371","Intermediate/Middle/Junior High",0,"0","Quintile 2","14",1768
"372","Intermediate/Middle/Junior High",0,"0","Quintile 2","15",1812
"373","Intermediate/Middle/Junior High",0,"0","Quintile 2","16",1884
"374","Intermediate/Middle/Junior High",0,"0","Quintile 2","17",1974
"375","Intermediate/Middle/Junior High",0,"0","Quintile 3","12",2036
"376","Intermediate/Middle/Junior High",0,"0","Quintile 3","13",2096
"377","Intermediate/Middle/Junior High",0,"0","Quintile 3","14",2133
"378","Intermediate/Middle/Junior High",0,"0","Quintile 3","15",2056
"379","Intermediate/Middle/Junior High",0,"0","Quintile 3","16",2345
"380","Intermediate/Middle/Junior High",0,"0","Quintile 3","17",2446
"381","Intermediate/Middle/Junior High",0,"0","Quintile 4","12",3292
"382","Intermediate/Middle/Junior High",0,"0","Quintile 4","13",3280
"383","Intermediate/Middle/Junior High",0,"0","Quintile 4","14",3270
"384","Intermediate/Middle/Junior High",0,"0","Quintile 4","15",3113
"385","Intermediate/Middle/Junior High",0,"0","Quintile 4","16",3449
"386","Intermediate/Middle/Junior High",0,"0","Quintile 4","17",3472
"387","Intermediate/Middle/Junior High",0,"0","Quintile 5","12",3849
"388","Intermediate/Middle/Junior High",0,"0","Quintile 5","13",3745
"389","Intermediate/Middle/Junior High",0,"0","Quintile 5","14",3639
"390","Intermediate/Middle/Junior High",0,"0","Quintile 5","15",2814
"391","Intermediate/Middle/Junior High",0,"0","Quintile 5","16",3780
"392","Intermediate/Middle/Junior High",0,"0","Quintile 5","17",3783
"393","Intermediate/Middle/Junior High",0,"1","Quintile 1","12",62
"394","Intermediate/Middle/Junior High",0,"1","Quintile 1","13",84
"395","Intermediate/Middle/Junior High",0,"1","Quintile 1","14",102
"396","Intermediate/Middle/Junior High",0,"1","Quintile 1","15",104
"397","Intermediate/Middle/Junior High",0,"1","Quintile 1","16",102
"398","Intermediate/Middle/Junior High",0,"1","Quintile 1","17",105
"399","Intermediate/Middle/Junior High",0,"1","Quintile 2","12",110
"400","Intermediate/Middle/Junior High",0,"1","Quintile 2","13",129
"401","Intermediate/Middle/Junior High",0,"1","Quintile 2","14",161
"402","Intermediate/Middle/Junior High",0,"1","Quintile 2","15",135
"403","Intermediate/Middle/Junior High",0,"1","Quintile 2","16",139
"404","Intermediate/Middle/Junior High",0,"1","Quintile 2","17",115
"405","Intermediate/Middle/Junior High",0,"1","Quintile 3","12",121
"406","Intermediate/Middle/Junior High",0,"1","Quintile 3","13",153
"407","Intermediate/Middle/Junior High",0,"1","Quintile 3","14",214
"408","Intermediate/Middle/Junior High",0,"1","Quintile 3","15",270
"409","Intermediate/Middle/Junior High",0,"1","Quintile 3","16",253
"410","Intermediate/Middle/Junior High",0,"1","Quintile 3","17",226
"411","Intermediate/Middle/Junior High",0,"1","Quintile 4","12",141
"412","Intermediate/Middle/Junior High",0,"1","Quintile 4","13",162
"413","Intermediate/Middle/Junior High",0,"1","Quintile 4","14",236
"414","Intermediate/Middle/Junior High",0,"1","Quintile 4","15",310
"415","Intermediate/Middle/Junior High",0,"1","Quintile 4","16",334
"416","Intermediate/Middle/Junior High",0,"1","Quintile 4","17",350
"417","Intermediate/Middle/Junior High",0,"1","Quintile 5","12",126
"418","Intermediate/Middle/Junior High",0,"1","Quintile 5","13",158
"419","Intermediate/Middle/Junior High",0,"1","Quintile 5","14",245
"420","Intermediate/Middle/Junior High",0,"1","Quintile 5","15",289
"421","Intermediate/Middle/Junior High",0,"1","Quintile 5","16",327
"422","Intermediate/Middle/Junior High",0,"1","Quintile 5","17",314
"423","Intermediate/Middle/Junior High",1,"0","Quintile 1","12",6322
"424","Intermediate/Middle/Junior High",1,"0","Quintile 1","13",6248
"425","Intermediate/Middle/Junior High",1,"0","Quintile 1","14",6374
"426","Intermediate/Middle/Junior High",1,"0","Quintile 1","15",6431
"427","Intermediate/Middle/Junior High",1,"0","Quintile 1","16",6415
"428","Intermediate/Middle/Junior High",1,"0","Quintile 1","17",6344
"429","Intermediate/Middle/Junior High",1,"0","Quintile 2","12",7028
"430","Intermediate/Middle/Junior High",1,"0","Quintile 2","13",6960
"431","Intermediate/Middle/Junior High",1,"0","Quintile 2","14",6957
"432","Intermediate/Middle/Junior High",1,"0","Quintile 2","15",6881
"433","Intermediate/Middle/Junior High",1,"0","Quintile 2","16",6940
"434","Intermediate/Middle/Junior High",1,"0","Quintile 2","17",6878
"435","Intermediate/Middle/Junior High",1,"0","Quintile 3","12",6059
"436","Intermediate/Middle/Junior High",1,"0","Quintile 3","13",6023
"437","Intermediate/Middle/Junior High",1,"0","Quintile 3","14",5987
"438","Intermediate/Middle/Junior High",1,"0","Quintile 3","15",6002
"439","Intermediate/Middle/Junior High",1,"0","Quintile 3","16",5728
"440","Intermediate/Middle/Junior High",1,"0","Quintile 3","17",5616
"441","Intermediate/Middle/Junior High",1,"0","Quintile 4","12",5854
"442","Intermediate/Middle/Junior High",1,"0","Quintile 4","13",5588
"443","Intermediate/Middle/Junior High",1,"0","Quintile 4","14",5441
"444","Intermediate/Middle/Junior High",1,"0","Quintile 4","15",5462
"445","Intermediate/Middle/Junior High",1,"0","Quintile 4","16",5168
"446","Intermediate/Middle/Junior High",1,"0","Quintile 4","17",5036
"447","Intermediate/Middle/Junior High",1,"0","Quintile 5","12",3659
"448","Intermediate/Middle/Junior High",1,"0","Quintile 5","13",3421
"449","Intermediate/Middle/Junior High",1,"0","Quintile 5","14",3273
"450","Intermediate/Middle/Junior High",1,"0","Quintile 5","15",4071
"451","Intermediate/Middle/Junior High",1,"0","Quintile 5","16",3161
"452","Intermediate/Middle/Junior High",1,"0","Quintile 5","17",3027
"453","Intermediate/Middle/Junior High",1,"1","Quintile 1","12",248
"454","Intermediate/Middle/Junior High",1,"1","Quintile 1","13",312
"455","Intermediate/Middle/Junior High",1,"1","Quintile 1","14",341
"456","Intermediate/Middle/Junior High",1,"1","Quintile 1","15",310
"457","Intermediate/Middle/Junior High",1,"1","Quintile 1","16",327
"458","Intermediate/Middle/Junior High",1,"1","Quintile 1","17",278
"459","Intermediate/Middle/Junior High",1,"1","Quintile 2","12",289
"460","Intermediate/Middle/Junior High",1,"1","Quintile 2","13",302
"461","Intermediate/Middle/Junior High",1,"1","Quintile 2","14",404
"462","Intermediate/Middle/Junior High",1,"1","Quintile 2","15",424
"463","Intermediate/Middle/Junior High",1,"1","Quintile 2","16",350
"464","Intermediate/Middle/Junior High",1,"1","Quintile 2","17",322
"465","Intermediate/Middle/Junior High",1,"1","Quintile 3","12",282
"466","Intermediate/Middle/Junior High",1,"1","Quintile 3","13",330
"467","Intermediate/Middle/Junior High",1,"1","Quintile 3","14",425
"468","Intermediate/Middle/Junior High",1,"1","Quintile 3","15",450
"469","Intermediate/Middle/Junior High",1,"1","Quintile 3","16",434
"470","Intermediate/Middle/Junior High",1,"1","Quintile 3","17",413
"471","Intermediate/Middle/Junior High",1,"1","Quintile 4","12",241
"472","Intermediate/Middle/Junior High",1,"1","Quintile 4","13",296
"473","Intermediate/Middle/Junior High",1,"1","Quintile 4","14",376
"474","Intermediate/Middle/Junior High",1,"1","Quintile 4","15",424
"475","Intermediate/Middle/Junior High",1,"1","Quintile 4","16",382
"476","Intermediate/Middle/Junior High",1,"1","Quintile 4","17",355
"477","Intermediate/Middle/Junior High",1,"1","Quintile 5","12",165
"478","Intermediate/Middle/Junior High",1,"1","Quintile 5","13",174
"479","Intermediate/Middle/Junior High",1,"1","Quintile 5","14",262
"480","Intermediate/Middle/Junior High",1,"1","Quintile 5","15",292
"481","Intermediate/Middle/Junior High",1,"1","Quintile 5","16",228
"482","Intermediate/Middle/Junior High",1,"1","Quintile 5","17",226
"483","Intermediate/Middle/Junior High",NA,"0","Quintile 1","12",184
"484","Intermediate/Middle/Junior High",NA,"0","Quintile 1","13",242
"485","Intermediate/Middle/Junior High",NA,"0","Quintile 1","14",197
"486","Intermediate/Middle/Junior High",NA,"0","Quintile 1","15",209
"487","Intermediate/Middle/Junior High",NA,"0","Quintile 1","16",266
"488","Intermediate/Middle/Junior High",NA,"0","Quintile 1","17",329
"489","Intermediate/Middle/Junior High",NA,"0","Quintile 2","12",198
"490","Intermediate/Middle/Junior High",NA,"0","Quintile 2","13",241
"491","Intermediate/Middle/Junior High",NA,"0","Quintile 2","14",220
"492","Intermediate/Middle/Junior High",NA,"0","Quintile 2","15",224
"493","Intermediate/Middle/Junior High",NA,"0","Quintile 2","16",277
"494","Intermediate/Middle/Junior High",NA,"0","Quintile 2","17",280
"495","Intermediate/Middle/Junior High",NA,"0","Quintile 3","12",304
"496","Intermediate/Middle/Junior High",NA,"0","Quintile 3","13",284
"497","Intermediate/Middle/Junior High",NA,"0","Quintile 3","14",277
"498","Intermediate/Middle/Junior High",NA,"0","Quintile 3","15",245
"499","Intermediate/Middle/Junior High",NA,"0","Quintile 3","16",288
"500","Intermediate/Middle/Junior High",NA,"0","Quintile 3","17",398
"501","Intermediate/Middle/Junior High",NA,"0","Quintile 4","12",230
"502","Intermediate/Middle/Junior High",NA,"0","Quintile 4","13",344
"503","Intermediate/Middle/Junior High",NA,"0","Quintile 4","14",392
"504","Intermediate/Middle/Junior High",NA,"0","Quintile 4","15",319
"505","Intermediate/Middle/Junior High",NA,"0","Quintile 4","16",378
"506","Intermediate/Middle/Junior High",NA,"0","Quintile 4","17",440
"507","Intermediate/Middle/Junior High",NA,"0","Quintile 5","12",279
"508","Intermediate/Middle/Junior High",NA,"0","Quintile 5","13",374
"509","Intermediate/Middle/Junior High",NA,"0","Quintile 5","14",355
"510","Intermediate/Middle/Junior High",NA,"0","Quintile 5","15",210
"511","Intermediate/Middle/Junior High",NA,"0","Quintile 5","16",198
"512","Intermediate/Middle/Junior High",NA,"0","Quintile 5","17",292
"513","Intermediate/Middle/Junior High",NA,"1","Quintile 1","12",25
"514","Intermediate/Middle/Junior High",NA,"1","Quintile 1","13",37
"515","Intermediate/Middle/Junior High",NA,"1","Quintile 1","14",31
"516","Intermediate/Middle/Junior High",NA,"1","Quintile 1","15",31
"517","Intermediate/Middle/Junior High",NA,"1","Quintile 1","16",46
"518","Intermediate/Middle/Junior High",NA,"1","Quintile 1","17",45
"519","Intermediate/Middle/Junior High",NA,"1","Quintile 2","12",31
"520","Intermediate/Middle/Junior High",NA,"1","Quintile 2","13",45
"521","Intermediate/Middle/Junior High",NA,"1","Quintile 2","14",33
"522","Intermediate/Middle/Junior High",NA,"1","Quintile 2","15",57
"523","Intermediate/Middle/Junior High",NA,"1","Quintile 2","16",80
"524","Intermediate/Middle/Junior High",NA,"1","Quintile 2","17",63
"525","Intermediate/Middle/Junior High",NA,"1","Quintile 3","12",61
"526","Intermediate/Middle/Junior High",NA,"1","Quintile 3","13",90
"527","Intermediate/Middle/Junior High",NA,"1","Quintile 3","14",83
"528","Intermediate/Middle/Junior High",NA,"1","Quintile 3","15",91
"529","Intermediate/Middle/Junior High",NA,"1","Quintile 3","16",123
"530","Intermediate/Middle/Junior High",NA,"1","Quintile 3","17",82
"531","Intermediate/Middle/Junior High",NA,"1","Quintile 4","12",74
"532","Intermediate/Middle/Junior High",NA,"1","Quintile 4","13",93
"533","Intermediate/Middle/Junior High",NA,"1","Quintile 4","14",122
"534","Intermediate/Middle/Junior High",NA,"1","Quintile 4","15",77
"535","Intermediate/Middle/Junior High",NA,"1","Quintile 4","16",57
"536","Intermediate/Middle/Junior High",NA,"1","Quintile 4","17",58
"537","Intermediate/Middle/Junior High",NA,"1","Quintile 5","12",104
"538","Intermediate/Middle/Junior High",NA,"1","Quintile 5","13",91
"539","Intermediate/Middle/Junior High",NA,"1","Quintile 5","14",203
"540","Intermediate/Middle/Junior High",NA,"1","Quintile 5","15",63
"541","Intermediate/Middle/Junior High",NA,"1","Quintile 5","16",60
"542","Intermediate/Middle/Junior High",NA,"1","Quintile 5","17",73
