"","Ccode","Cname","Dcode","Dname","Dtype","first","last","opr_years"
"1",1,"Alameda",61119,"Alameda City Unified","UNIFIED",2003,2016,14
"2",1,"Alameda",61127,"Albany City Unified","UNIFIED",2003,2016,14
"3",1,"Alameda",61143,"Berkeley Unified","UNIFIED",2003,2016,14
"4",1,"Alameda",61150,"Castro Valley Unified","UNIFIED",2003,2016,14
"5",1,"Alameda",61168,"Emery Unified","UNIFIED",2003,2016,14
"6",1,"Alameda",61176,"Fremont Unified","UNIFIED",2003,2016,14
"7",1,"Alameda",61192,"Hayward Unified","UNIFIED",2003,2016,14
"8",1,"Alameda",61200,"Livermore Valley Joint Unified","UNIFIED",2003,2016,14
"9",1,"Alameda",61218,"Mountain House Elementary","ELEMENTARY",2003,2016,14
"10",1,"Alameda",61234,"Newark Unified","UNIFIED",2003,2016,14
"11",1,"Alameda",61242,"New Haven Unified","UNIFIED",2003,2016,14
"12",1,"Alameda",61259,"Oakland Unified","UNIFIED",2003,2016,14
"13",1,"Alameda",61275,"Piedmont City Unified","UNIFIED",2003,2016,14
"14",1,"Alameda",61291,"San Leandro Unified","UNIFIED",2003,2016,14
"15",1,"Alameda",61309,"San Lorenzo Unified","UNIFIED",2003,2016,14
"16",1,"Alameda",75093,"Dublin Unified","UNIFIED",2003,2016,14
"17",1,"Alameda",75101,"Pleasanton Unified","UNIFIED",2003,2016,14
"18",1,"Alameda",75119,"Sunol Glen Unified","UNIFIED",2003,2016,14
"19",2,"Alpine",61333,"Alpine County Unified","UNIFIED",2003,2016,14
"20",3,"Amador",73981,"Amador County Unified","UNIFIED",2003,2016,14
"21",4,"Butte",61382,"Bangor Union Elementary","ELEMENTARY",2003,2016,14
"22",4,"Butte",61408,"Biggs Unified","UNIFIED",2003,2016,14
"23",4,"Butte",61424,"Chico Unified","UNIFIED",2003,2016,14
"24",4,"Butte",61432,"Durham Unified","UNIFIED",2003,2016,14
"25",4,"Butte",61440,"Feather Falls Union Elementary","ELEMENTARY",2003,2016,14
"26",4,"Butte",61457,"Golden Feather Union Elementary","ELEMENTARY",2003,2016,14
"27",4,"Butte",61499,"Manzanita Elementary","ELEMENTARY",2003,2016,14
"28",4,"Butte",61507,"Oroville City Elementary","ELEMENTARY",2003,2016,14
"29",4,"Butte",61515,"Oroville Union High","HIGH",2003,2016,14
"30",4,"Butte",61523,"Palermo Union Elementary","ELEMENTARY",2003,2016,14
"31",4,"Butte",61531,"Paradise Unified","UNIFIED",2003,2016,14
"32",4,"Butte",61549,"Thermalito Union Elementary","ELEMENTARY",2003,2016,14
"33",4,"Butte",73379,"Pioneer Union Elementary","ELEMENTARY",2003,2016,14
"34",4,"Butte",75507,"Gridley Unified","UNIFIED",2003,2016,14
"35",5,"Calaveras",61556,"Bret Harte Union High","HIGH",2003,2016,14
"36",5,"Calaveras",61564,"Calaveras Unified","UNIFIED",2003,2016,14
"37",5,"Calaveras",61572,"Mark Twain Union Elementary","ELEMENTARY",2003,2016,14
"38",5,"Calaveras",61580,"Vallecito Union Elementary","ELEMENTARY",2003,2016,14
"39",6,"Colusa",61598,"Colusa Unified","UNIFIED",2003,2016,14
"40",6,"Colusa",61606,"Maxwell Unified","UNIFIED",2003,2016,14
"41",6,"Colusa",61614,"Pierce Joint Unified","UNIFIED",2003,2016,14
"42",6,"Colusa",61622,"Williams Unified","UNIFIED",2003,2016,14
"43",7,"Contra Costa",61630,"Acalanes Union High","HIGH",2003,2016,14
"44",7,"Contra Costa",61648,"Antioch Unified","UNIFIED",2003,2016,14
"45",7,"Contra Costa",61655,"Brentwood Union Elementary","ELEMENTARY",2003,2016,14
"46",7,"Contra Costa",61663,"Byron Union Elementary","ELEMENTARY",2003,2016,14
"47",7,"Contra Costa",61671,"Canyon Elementary","ELEMENTARY",2003,2016,14
"48",7,"Contra Costa",61697,"John Swett Unified","UNIFIED",2003,2016,14
"49",7,"Contra Costa",61705,"Knightsen Elementary","ELEMENTARY",2003,2016,14
"50",7,"Contra Costa",61713,"Lafayette Elementary","ELEMENTARY",2003,2016,14
"51",7,"Contra Costa",61721,"Liberty Union High","HIGH",2003,2016,14
"52",7,"Contra Costa",61739,"Martinez Unified","UNIFIED",2003,2016,14
"53",7,"Contra Costa",61747,"Moraga Elementary","ELEMENTARY",2003,2016,14
"54",7,"Contra Costa",61754,"Mt. Diablo Unified","UNIFIED",2003,2016,14
"55",7,"Contra Costa",61762,"Oakley Union Elementary","ELEMENTARY",2003,2016,14
"56",7,"Contra Costa",61770,"Orinda Union Elementary","ELEMENTARY",2003,2016,14
"57",7,"Contra Costa",61788,"Pittsburg Unified","UNIFIED",2003,2016,14
"58",7,"Contra Costa",61796,"West Contra Costa Unified","UNIFIED",2003,2016,14
"59",7,"Contra Costa",61804,"San Ramon Valley Unified","UNIFIED",2003,2016,14
"60",7,"Contra Costa",61812,"Walnut Creek Elementary","ELEMENTARY",2003,2016,14
"61",8,"Del Norte",61820,"Del Norte County Unified","UNIFIED",2003,2016,14
"62",9,"El Dorado",61838,"Buckeye Union Elementary","ELEMENTARY",2003,2016,14
"63",9,"El Dorado",61846,"Camino Union Elementary","ELEMENTARY",2003,2016,14
"64",9,"El Dorado",61853,"El Dorado Union High","HIGH",2003,2016,14
"65",9,"El Dorado",61879,"Gold Oak Union Elementary","ELEMENTARY",2003,2016,14
"66",9,"El Dorado",61887,"Gold Trail Union Elementary","ELEMENTARY",2003,2016,14
"67",9,"El Dorado",61895,"Indian Diggings Elementary","ELEMENTARY",2003,2016,14
"68",9,"El Dorado",61903,"Lake Tahoe Unified","UNIFIED",2003,2016,14
"69",9,"El Dorado",61911,"Latrobe Elementary","ELEMENTARY",2003,2016,14
"70",9,"El Dorado",61929,"Mother Lode Union Elementary","ELEMENTARY",2003,2016,14
"71",9,"El Dorado",61945,"Pioneer Union Elementary","ELEMENTARY",2003,2016,14
"72",9,"El Dorado",61952,"Placerville Union Elementary","ELEMENTARY",2003,2016,14
"73",9,"El Dorado",61960,"Pollock Pines Elementary","ELEMENTARY",2003,2016,14
"74",9,"El Dorado",61978,"Rescue Union Elementary","ELEMENTARY",2003,2016,14
"75",9,"El Dorado",61986,"Silver Fork Elementary","ELEMENTARY",2003,2016,14
"76",9,"El Dorado",73783,"Black Oak Mine Unified","UNIFIED",2003,2016,14
"77",10,"Fresno",61994,"Alvina Elementary","ELEMENTARY",2003,2016,14
"78",10,"Fresno",62000,"American Union Elementary","ELEMENTARY",2003,2011,9
"79",10,"Fresno",62026,"Big Creek Elementary","ELEMENTARY",2003,2016,14
"80",10,"Fresno",62042,"Burrel Union Elementary","ELEMENTARY",2003,2016,14
"81",10,"Fresno",62109,"Clay Joint Elementary","ELEMENTARY",2003,2016,14
"82",10,"Fresno",62117,"Clovis Unified","UNIFIED",2003,2016,14
"83",10,"Fresno",62125,"Coalinga/Huron Joint Unified","UNIFIED",2003,2016,14
"84",10,"Fresno",62158,"Fowler Unified","UNIFIED",2003,2016,14
"85",10,"Fresno",62166,"Fresno Unified","UNIFIED",2003,2016,14
"86",10,"Fresno",62174,"West Fresno Elementary","ELEMENTARY",2003,2011,9
"87",10,"Fresno",62240,"Kingsburg Joint Union Elementary","ELEMENTARY",2003,2016,14
"88",10,"Fresno",62257,"Kingsburg Joint Union High","HIGH",2003,2016,14
"89",10,"Fresno",62265,"Kings Canyon Joint Unified","UNIFIED",2003,2016,14
"90",10,"Fresno",62281,"Laton Joint Unified","UNIFIED",2003,2016,14
"91",10,"Fresno",62323,"Monroe Elementary","ELEMENTARY",2003,2016,14
"92",10,"Fresno",62331,"Orange Center Elementary","ELEMENTARY",2003,2016,14
"93",10,"Fresno",62356,"Pacific Union Elementary","ELEMENTARY",2003,2016,14
"94",10,"Fresno",62364,"Parlier Unified","UNIFIED",2003,2016,14
"95",10,"Fresno",62372,"Pine Ridge Elementary","ELEMENTARY",2003,2016,14
"96",10,"Fresno",62380,"Raisin City Elementary","ELEMENTARY",2003,2016,14
"97",10,"Fresno",62414,"Sanger Unified","UNIFIED",2003,2016,14
"98",10,"Fresno",62430,"Selma Unified","UNIFIED",2003,2016,14
"99",10,"Fresno",62513,"Washington Colony Elementary","ELEMENTARY",2003,2016,14
"100",10,"Fresno",62521,"Washington Union High","HIGH",2003,2011,9
"101",10,"Fresno",62539,"West Park Elementary","ELEMENTARY",2003,2016,14
"102",10,"Fresno",62547,"Westside Elementary","ELEMENTARY",2003,2016,14
"103",10,"Fresno",73809,"Firebaugh-Las Deltas Unified","UNIFIED",2003,2016,14
"104",10,"Fresno",73965,"Central Unified","UNIFIED",2003,2016,14
"105",10,"Fresno",73999,"Kerman Unified","UNIFIED",2003,2016,14
"106",10,"Fresno",75127,"Mendota Unified","UNIFIED",2003,2016,14
"107",10,"Fresno",75234,"Golden Plains Unified","UNIFIED",2003,2016,14
"108",10,"Fresno",75275,"Sierra Unified","UNIFIED",2003,2016,14
"109",10,"Fresno",75408,"Riverdale Joint Unified","UNIFIED",2003,2016,14
"110",10,"Fresno",75598,"Caruthers Unified","UNIFIED",2003,2016,14
"111",10,"Fresno",76778,"Washington Unified","UNIFIED",2011,2016,6
"112",11,"Glenn",62554,"Capay Joint Union Elementary","ELEMENTARY",2003,2016,14
"113",11,"Glenn",62570,"Hamilton Union Elementary","ELEMENTARY",2003,2009,7
"114",11,"Glenn",62588,"Hamilton Union High","HIGH",2003,2009,7
"115",11,"Glenn",62596,"Lake Elementary","ELEMENTARY",2003,2016,14
"116",11,"Glenn",62638,"Plaza Elementary","ELEMENTARY",2003,2016,14
"117",11,"Glenn",62646,"Princeton Joint Unified","UNIFIED",2003,2016,14
"118",11,"Glenn",62653,"Stony Creek Joint Unified","UNIFIED",2003,2016,14
"119",11,"Glenn",62661,"Willows Unified","UNIFIED",2003,2016,14
"120",11,"Glenn",75481,"Orland Joint Unified","UNIFIED",2003,2016,14
"121",11,"Glenn",76562,"Hamilton Unified","UNIFIED",2009,2016,8
"122",12,"Humboldt",62679,"Arcata Elementary","ELEMENTARY",2003,2016,14
"123",12,"Humboldt",62687,"Northern Humboldt Union High","HIGH",2003,2016,14
"124",12,"Humboldt",62695,"Big Lagoon Union Elementary","ELEMENTARY",2003,2016,14
"125",12,"Humboldt",62703,"Blue Lake Union Elementary","ELEMENTARY",2003,2016,14
"126",12,"Humboldt",62729,"Bridgeville Elementary","ELEMENTARY",2003,2016,14
"127",12,"Humboldt",62737,"Cuddeback Union Elementary","ELEMENTARY",2003,2016,14
"128",12,"Humboldt",62745,"Cutten Elementary","ELEMENTARY",2003,2016,14
"129",12,"Humboldt",62794,"Fieldbrook Elementary","ELEMENTARY",2003,2016,14
"130",12,"Humboldt",62802,"Fortuna Union Elementary","ELEMENTARY",2003,2012,10
"131",12,"Humboldt",62810,"Fortuna Union High","HIGH",2003,2016,14
"132",12,"Humboldt",62828,"Freshwater Elementary","ELEMENTARY",2003,2016,14
"133",12,"Humboldt",62836,"Garfield Elementary","ELEMENTARY",2003,2016,14
"134",12,"Humboldt",62851,"Green Point Elementary","ELEMENTARY",2003,2016,14
"135",12,"Humboldt",62885,"Hydesville Elementary","ELEMENTARY",2003,2016,14
"136",12,"Humboldt",62893,"Jacoby Creek Elementary","ELEMENTARY",2003,2016,14
"137",12,"Humboldt",62901,"Klamath-Trinity Joint Unified","UNIFIED",2003,2016,14
"138",12,"Humboldt",62919,"Kneeland Elementary","ELEMENTARY",2003,2016,14
"139",12,"Humboldt",62927,"Loleta Union Elementary","ELEMENTARY",2003,2016,14
"140",12,"Humboldt",62935,"Maple Creek Elementary","ELEMENTARY",2003,2016,14
"141",12,"Humboldt",62950,"Mckinleyville Union Elementary","ELEMENTARY",2003,2016,14
"142",12,"Humboldt",62968,"Orick Elementary","ELEMENTARY",2003,2016,14
"143",12,"Humboldt",62976,"Pacific Union Elementary","ELEMENTARY",2003,2016,14
"144",12,"Humboldt",62984,"Peninsula Union Elementary","ELEMENTARY",2003,2016,14
"145",12,"Humboldt",63008,"Rio Dell Elementary","ELEMENTARY",2003,2016,14
"146",12,"Humboldt",63016,"Rohnerville Elementary","ELEMENTARY",2003,2012,10
"147",12,"Humboldt",63024,"Scotia Union Elementary","ELEMENTARY",2003,2016,14
"148",12,"Humboldt",63032,"South Bay Union Elementary","ELEMENTARY",2003,2016,14
"149",12,"Humboldt",63040,"Southern Humboldt Joint Unified","UNIFIED",2003,2016,14
"150",12,"Humboldt",63057,"Trinidad Union Elementary","ELEMENTARY",2003,2016,14
"151",12,"Humboldt",75374,"Ferndale Unified","UNIFIED",2003,2016,14
"152",12,"Humboldt",75382,"Mattole Unified","UNIFIED",2003,2016,14
"153",12,"Humboldt",75515,"Eureka City Unified","UNIFIED",2003,2016,14
"154",12,"Humboldt",76802,"Fortuna Elementary","ELEMENTARY",2012,2016,5
"155",13,"Imperial",63073,"Brawley Elementary","ELEMENTARY",2003,2016,14
"156",13,"Imperial",63081,"Brawley Union High","HIGH",2003,2016,14
"157",13,"Imperial",63099,"Calexico Unified","UNIFIED",2003,2016,14
"158",13,"Imperial",63107,"Calipatria Unified","UNIFIED",2003,2016,14
"159",13,"Imperial",63115,"Central Union High","HIGH",2003,2016,14
"160",13,"Imperial",63123,"El Centro Elementary","ELEMENTARY",2003,2016,14
"161",13,"Imperial",63131,"Heber Elementary","ELEMENTARY",2003,2016,14
"162",13,"Imperial",63149,"Holtville Unified","UNIFIED",2003,2016,14
"163",13,"Imperial",63164,"Imperial Unified","UNIFIED",2003,2016,14
"164",13,"Imperial",63172,"Magnolia Union Elementary","ELEMENTARY",2003,2016,14
"165",13,"Imperial",63180,"Mccabe Union Elementary","ELEMENTARY",2003,2016,14
"166",13,"Imperial",63198,"Meadows Union Elementary","ELEMENTARY",2003,2016,14
"167",13,"Imperial",63206,"Mulberry Elementary","ELEMENTARY",2003,2016,14
"168",13,"Imperial",63214,"San Pasqual Valley Unified","UNIFIED",2003,2016,14
"169",13,"Imperial",63222,"Seeley Union Elementary","ELEMENTARY",2003,2016,14
"170",13,"Imperial",63230,"Westmorland Union Elementary","ELEMENTARY",2003,2016,14
"171",14,"Inyo",63248,"Big Pine Unified","UNIFIED",2003,2016,14
"172",14,"Inyo",63255,"Bishop Union Elementary","ELEMENTARY",2003,2009,7
"173",14,"Inyo",63263,"Bishop Joint Union High","HIGH",2003,2009,7
"174",14,"Inyo",63271,"Death Valley Unified","UNIFIED",2003,2016,14
"175",14,"Inyo",63289,"Lone Pine Unified","UNIFIED",2003,2016,14
"176",14,"Inyo",63297,"Owens Valley Unified","UNIFIED",2003,2016,14
"177",14,"Inyo",63305,"Round Valley Joint Elementary","ELEMENTARY",2003,2016,14
"178",14,"Inyo",76687,"Bishop Unified","UNIFIED",2010,2016,7
"179",15,"Kern",63313,"Arvin Union Elementary","ELEMENTARY",2003,2016,14
"180",15,"Kern",63321,"Bakersfield City Elementary","ELEMENTARY",2003,2016,14
"181",15,"Kern",63339,"Beardsley Elementary","ELEMENTARY",2003,2016,14
"182",15,"Kern",63347,"Belridge Elementary","ELEMENTARY",2003,2016,14
"183",15,"Kern",63354,"Blake Elementary","ELEMENTARY",2003,2016,14
"184",15,"Kern",63362,"Panama Buena Vista Union Elementary","ELEMENTARY",2003,2016,14
"185",15,"Kern",63370,"Buttonwillow Union Elementary","ELEMENTARY",2003,2016,14
"186",15,"Kern",63388,"Caliente Union Elementary","ELEMENTARY",2003,2016,14
"187",15,"Kern",63404,"Delano Union Elementary","ELEMENTARY",2003,2016,14
"188",15,"Kern",63412,"Delano Joint Union High","HIGH",2003,2016,14
"189",15,"Kern",63420,"Di Giorgio Elementary","ELEMENTARY",2003,2016,14
"190",15,"Kern",63438,"Edison Elementary","ELEMENTARY",2003,2016,14
"191",15,"Kern",63446,"Elk Hills Elementary","ELEMENTARY",2003,2016,14
"192",15,"Kern",63461,"Fairfax Elementary","ELEMENTARY",2003,2016,14
"193",15,"Kern",63479,"Fruitvale Elementary","ELEMENTARY",2003,2016,14
"194",15,"Kern",63487,"General Shafter Elementary","ELEMENTARY",2003,2016,14
"195",15,"Kern",63503,"Greenfield Union Elementary","ELEMENTARY",2003,2016,14
"196",15,"Kern",63529,"Kern Union High","HIGH",2003,2016,14
"197",15,"Kern",63545,"Kernville Union Elementary","ELEMENTARY",2003,2016,14
"198",15,"Kern",63552,"Lakeside Union Elementary","ELEMENTARY",2003,2016,14
"199",15,"Kern",63560,"Lamont Elementary","ELEMENTARY",2003,2016,14
"200",15,"Kern",63578,"Richland Union Elementary","ELEMENTARY",2003,2016,14
"201",15,"Kern",63586,"Linns Valley-Poso Flat Union","ELEMENTARY",2003,2016,14
"202",15,"Kern",63594,"Lost Hills Union Elementary","ELEMENTARY",2003,2016,14
"203",15,"Kern",63610,"Maple Elementary","ELEMENTARY",2003,2016,14
"204",15,"Kern",63628,"Maricopa Unified","UNIFIED",2003,2016,14
"205",15,"Kern",63651,"Mckittrick Elementary","ELEMENTARY",2003,2016,14
"206",15,"Kern",63669,"Midway Elementary","ELEMENTARY",2003,2016,14
"207",15,"Kern",63677,"Mojave Unified","UNIFIED",2003,2016,14
"208",15,"Kern",63685,"Muroc Joint Unified","UNIFIED",2003,2016,14
"209",15,"Kern",63693,"Norris Elementary","ELEMENTARY",2003,2016,14
"210",15,"Kern",63719,"Pond Union Elementary","ELEMENTARY",2003,2016,14
"211",15,"Kern",63750,"Rosedale Union Elementary","ELEMENTARY",2003,2016,14
"212",15,"Kern",63768,"Semitropic Elementary","ELEMENTARY",2003,2016,14
"213",15,"Kern",63776,"Southern Kern Unified","UNIFIED",2003,2016,14
"214",15,"Kern",63784,"South Fork Union Elementary","ELEMENTARY",2003,2016,14
"215",15,"Kern",63792,"Standard Elementary","ELEMENTARY",2003,2016,14
"216",15,"Kern",63800,"Taft City Elementary","ELEMENTARY",2003,2016,14
"217",15,"Kern",63818,"Taft Union High","HIGH",2003,2016,14
"218",15,"Kern",63826,"Tehachapi Unified","UNIFIED",2003,2016,14
"219",15,"Kern",63834,"Vineland Elementary","ELEMENTARY",2003,2016,14
"220",15,"Kern",63842,"Wasco Union Elementary","ELEMENTARY",2003,2016,14
"221",15,"Kern",63859,"Wasco Union High","HIGH",2003,2016,14
"222",15,"Kern",73544,"Rio Bravo-Greeley Union Elementary","ELEMENTARY",2003,2016,14
"223",15,"Kern",73742,"Sierra Sands Unified","UNIFIED",2003,2016,14
"224",15,"Kern",73908,"Mcfarland Unified","UNIFIED",2003,2016,14
"225",15,"Kern",75168,"El Tejon Unified","UNIFIED",2003,2016,14
"226",16,"Kings",63875,"Armona Union Elementary","ELEMENTARY",2003,2016,14
"227",16,"Kings",63883,"Central Union Elementary","ELEMENTARY",2003,2016,14
"228",16,"Kings",63891,"Corcoran Joint Unified","UNIFIED",2003,2016,14
"229",16,"Kings",63909,"Delta View Joint Union Elementary","ELEMENTARY",2003,2009,7
"230",16,"Kings",63917,"Hanford Elementary","ELEMENTARY",2003,2016,14
"231",16,"Kings",63925,"Hanford Joint Union High","HIGH",2003,2016,14
"232",16,"Kings",63933,"Island Union Elementary","ELEMENTARY",2003,2016,14
"233",16,"Kings",63941,"Kings River-Hardwick Union Elementary","ELEMENTARY",2003,2016,14
"234",16,"Kings",63958,"Kit Carson Union Elementary","ELEMENTARY",2003,2016,14
"235",16,"Kings",63966,"Lakeside Union Elementary","ELEMENTARY",2003,2016,14
"236",16,"Kings",63974,"Lemoore Union Elementary","ELEMENTARY",2003,2016,14
"237",16,"Kings",63982,"Lemoore Union High","HIGH",2003,2016,14
"238",16,"Kings",63990,"Pioneer Union Elementary","ELEMENTARY",2003,2016,14
"239",16,"Kings",73932,"Reef-Sunset Unified","UNIFIED",2003,2016,14
"240",17,"Lake",64014,"Kelseyville Unified","UNIFIED",2003,2016,14
"241",17,"Lake",64022,"Konocti Unified","UNIFIED",2003,2016,14
"242",17,"Lake",64030,"Lakeport Unified","UNIFIED",2003,2016,14
"243",17,"Lake",64048,"Lucerne Elementary","ELEMENTARY",2003,2016,14
"244",17,"Lake",64055,"Middletown Unified","UNIFIED",2003,2016,14
"245",17,"Lake",64063,"Upper Lake Union Elementary","ELEMENTARY",2003,2016,14
"246",17,"Lake",64071,"Upper Lake Union High","HIGH",2003,2016,14
"247",17,"Lake",76976,"Upper Lake Unified","UNIFIED",2016,2016,1
"248",18,"Lassen",64089,"Big Valley Joint Unified","UNIFIED",2003,2016,14
"249",18,"Lassen",64105,"Janesville Union Elementary","ELEMENTARY",2003,2016,14
"250",18,"Lassen",64113,"Johnstonville Elementary","ELEMENTARY",2003,2016,14
"251",18,"Lassen",64139,"Lassen Union High","HIGH",2003,2016,14
"252",18,"Lassen",64162,"Ravendale Elementary","ELEMENTARY",2003,2016,14
"253",18,"Lassen",64170,"Richmond Elementary","ELEMENTARY",2003,2016,14
"254",18,"Lassen",64188,"Shaffer Union Elementary","ELEMENTARY",2003,2016,14
"255",18,"Lassen",64196,"Susanville Elementary","ELEMENTARY",2003,2016,14
"256",18,"Lassen",64204,"Westwood Unified","UNIFIED",2003,2016,14
"257",18,"Lassen",75036,"Fort Sage Unified","UNIFIED",2003,2016,14
"258",19,"Los Angeles",40725,"Alhambra City Elementary/High","Comm Admin Dist",2003,2003,1
"259",19,"Los Angeles",64212,"Abc Unified","UNIFIED",2003,2016,14
"260",19,"Los Angeles",64246,"Antelope Valley Union High","HIGH",2003,2016,14
"261",19,"Los Angeles",64261,"Arcadia Unified","UNIFIED",2003,2016,14
"262",19,"Los Angeles",64279,"Azusa Unified","UNIFIED",2003,2016,14
"263",19,"Los Angeles",64287,"Baldwin Park Unified","UNIFIED",2003,2016,14
"264",19,"Los Angeles",64295,"Bassett Unified","UNIFIED",2003,2016,14
"265",19,"Los Angeles",64303,"Bellflower Unified","UNIFIED",2003,2016,14
"266",19,"Los Angeles",64311,"Beverly Hills Unified","UNIFIED",2003,2016,14
"267",19,"Los Angeles",64329,"Bonita Unified","UNIFIED",2003,2016,14
"268",19,"Los Angeles",64337,"Burbank Unified","UNIFIED",2003,2016,14
"269",19,"Los Angeles",64345,"Castaic Union Elementary","ELEMENTARY",2003,2016,14
"270",19,"Los Angeles",64352,"Centinela Valley Union High","HIGH",2003,2016,14
"271",19,"Los Angeles",64378,"Charter Oak Unified","UNIFIED",2003,2016,14
"272",19,"Los Angeles",64394,"Claremont Unified","UNIFIED",2003,2016,14
"273",19,"Los Angeles",64436,"Covina-Valley Unified","UNIFIED",2003,2016,14
"274",19,"Los Angeles",64444,"Culver City Unified","UNIFIED",2003,2016,14
"275",19,"Los Angeles",64451,"Downey Unified","UNIFIED",2003,2016,14
"276",19,"Los Angeles",64469,"Duarte Unified","UNIFIED",2003,2016,14
"277",19,"Los Angeles",64477,"Eastside Union Elementary","ELEMENTARY",2003,2016,14
"278",19,"Los Angeles",64485,"East Whittier City Elementary","ELEMENTARY",2003,2016,14
"279",19,"Los Angeles",64501,"El Monte City Elementary","ELEMENTARY",2003,2016,14
"280",19,"Los Angeles",64519,"El Monte Union High","HIGH",2003,2016,14
"281",19,"Los Angeles",64527,"El Rancho Unified","UNIFIED",2003,2016,14
"282",19,"Los Angeles",64535,"El Segundo Unified","UNIFIED",2003,2016,14
"283",19,"Los Angeles",64550,"Garvey Elementary","ELEMENTARY",2003,2016,14
"284",19,"Los Angeles",64568,"Glendale Unified","UNIFIED",2003,2016,14
"285",19,"Los Angeles",64576,"Glendora Unified","UNIFIED",2003,2016,14
"286",19,"Los Angeles",64584,"Gorman Elementary","ELEMENTARY",2003,2016,14
"287",19,"Los Angeles",64592,"Hawthorne Elementary","ELEMENTARY",2003,2016,14
"288",19,"Los Angeles",64600,"Hermosa Beach City Elementary","ELEMENTARY",2003,2016,14
"289",19,"Los Angeles",64626,"Hughes-Elizabeth Lakes Union Elementary","ELEMENTARY",2003,2016,14
"290",19,"Los Angeles",64634,"Inglewood Unified","UNIFIED",2003,2016,14
"291",19,"Los Angeles",64642,"Keppel Union Elementary","ELEMENTARY",2003,2016,14
"292",19,"Los Angeles",64659,"La Canada Unified","UNIFIED",2003,2016,14
"293",19,"Los Angeles",64667,"Lancaster Elementary","ELEMENTARY",2003,2016,14
"294",19,"Los Angeles",64683,"Las Virgenes Unified","UNIFIED",2003,2016,14
"295",19,"Los Angeles",64691,"Lawndale Elementary","ELEMENTARY",2003,2016,14
"296",19,"Los Angeles",64709,"Lennox Elementary","ELEMENTARY",2003,2016,14
"297",19,"Los Angeles",64717,"Little Lake City Elementary","ELEMENTARY",2003,2016,14
"298",19,"Los Angeles",64725,"Long Beach Unified","UNIFIED",2003,2016,14
"299",19,"Los Angeles",64733,"Los Angeles Unified","UNIFIED",2003,2016,14
"300",19,"Los Angeles",64758,"Los Nietos Elementary","ELEMENTARY",2003,2016,14
"301",19,"Los Angeles",64766,"Lowell Joint Elementary","ELEMENTARY",2003,2016,14
"302",19,"Los Angeles",64774,"Lynwood Unified","UNIFIED",2003,2016,14
"303",19,"Los Angeles",64790,"Monrovia Unified","UNIFIED",2003,2016,14
"304",19,"Los Angeles",64808,"Montebello Unified","UNIFIED",2003,2016,14
"305",19,"Los Angeles",64816,"Mountain View Elementary","ELEMENTARY",2003,2016,14
"306",19,"Los Angeles",64832,"Newhall Elementary","ELEMENTARY",2003,2016,14
"307",19,"Los Angeles",64840,"Norwalk-La Mirada Unified","UNIFIED",2003,2016,14
"308",19,"Los Angeles",64857,"Palmdale Elementary","ELEMENTARY",2003,2016,14
"309",19,"Los Angeles",64865,"Palos Verdes Peninsula Unified","UNIFIED",2003,2016,14
"310",19,"Los Angeles",64873,"Paramount Unified","UNIFIED",2003,2016,14
"311",19,"Los Angeles",64881,"Pasadena Unified","UNIFIED",2003,2016,14
"312",19,"Los Angeles",64907,"Pomona Unified","UNIFIED",2003,2016,14
"313",19,"Los Angeles",64931,"Rosemead Elementary","ELEMENTARY",2003,2016,14
"314",19,"Los Angeles",64964,"San Marino Unified","UNIFIED",2003,2016,14
"315",19,"Los Angeles",64980,"Santa Monica-Malibu Unified","UNIFIED",2003,2016,14
"316",19,"Los Angeles",64998,"Saugus Union Elementary","ELEMENTARY",2003,2016,14
"317",19,"Los Angeles",65029,"South Pasadena Unified","UNIFIED",2003,2016,14
"318",19,"Los Angeles",65037,"South Whittier Elementary","ELEMENTARY",2003,2016,14
"319",19,"Los Angeles",65045,"Sulphur Springs Union Elementary","ELEMENTARY",2003,2016,14
"320",19,"Los Angeles",65052,"Temple City Unified","UNIFIED",2003,2016,14
"321",19,"Los Angeles",65060,"Torrance Unified","UNIFIED",2003,2016,14
"322",19,"Los Angeles",65078,"Valle Lindo Elementary","ELEMENTARY",2003,2016,14
"323",19,"Los Angeles",65094,"West Covina Unified","UNIFIED",2003,2016,14
"324",19,"Los Angeles",65102,"Westside Union Elementary","ELEMENTARY",2003,2016,14
"325",19,"Los Angeles",65110,"Whittier City Elementary","ELEMENTARY",2003,2016,14
"326",19,"Los Angeles",65128,"Whittier Union High","HIGH",2003,2016,14
"327",19,"Los Angeles",65136,"William S. Hart Union High","HIGH",2003,2016,14
"328",19,"Los Angeles",65151,"Wilsona Elementary","ELEMENTARY",2003,2016,14
"329",19,"Los Angeles",65169,"Wiseburn Elementary","ELEMENTARY",2003,2014,12
"330",19,"Los Angeles",73437,"Compton Unified","UNIFIED",2003,2016,14
"331",19,"Los Angeles",73445,"Hacienda La Puente Unified","UNIFIED",2003,2016,14
"332",19,"Los Angeles",73452,"Rowland Unified","UNIFIED",2003,2016,14
"333",19,"Los Angeles",73460,"Walnut Valley Unified","UNIFIED",2003,2016,14
"334",19,"Los Angeles",75291,"San Gabriel Unified","UNIFIED",2003,2016,14
"335",19,"Los Angeles",75309,"Acton-Agua Dulce Unified","UNIFIED",2003,2016,14
"336",19,"Los Angeles",75333,"Manhattan Beach Unified","UNIFIED",2003,2016,14
"337",19,"Los Angeles",75341,"Redondo Beach Unified","UNIFIED",2003,2016,14
"338",19,"Los Angeles",75663,"SBE - New West Charter Middle School","ELEMENTARY",2005,2016,12
"339",19,"Los Angeles",75697,"State Board of Education Charter","HIGH",2003,2012,10
"340",19,"Los Angeles",75713,"Alhambra Unified","UNIFIED",2004,2016,13
"341",19,"Los Angeles",76737,"SBE - Todays Fresh Start Charter","UNIFIED",2010,2013,4
"342",19,"Los Angeles",76869,"Wiseburn Unified","UNIFIED",2014,2016,3
"343",20,"Madera",65177,"Alview-Dairyland Union Elementary","ELEMENTARY",2003,2016,14
"344",20,"Madera",65185,"Bass Lake Elementary","ELEMENTARY",2003,2016,14
"345",20,"Madera",65193,"Chowchilla Elementary","ELEMENTARY",2003,2016,14
"346",20,"Madera",65201,"Chowchilla Union High","HIGH",2003,2016,14
"347",20,"Madera",65219,"Coarsegold Union Elementary","ELEMENTARY",2003,2006,4
"348",20,"Madera",65243,"Madera Unified","UNIFIED",2003,2016,14
"349",20,"Madera",65276,"Raymond-Knowles Union Elementary","ELEMENTARY",2003,2016,14
"350",20,"Madera",73734,"Yosemite Union High","HIGH",2003,2006,4
"351",20,"Madera",75580,"Golden Valley Unified","UNIFIED",2003,2016,14
"352",20,"Madera",75606,"Chawanakee Unified","UNIFIED",2003,2016,14
"353",20,"Madera",76414,"Yosemite Unified","UNIFIED",2006,2016,11
"354",21,"Marin",65300,"Bolinas-Stinson Union Elementary","ELEMENTARY",2003,2016,14
"355",21,"Marin",65318,"Dixie Elementary","ELEMENTARY",2003,2016,14
"356",21,"Marin",65334,"Kentfield Elementary","ELEMENTARY",2003,2016,14
"357",21,"Marin",65342,"Laguna Joint Elementary","ELEMENTARY",2003,2016,14
"358",21,"Marin",65359,"Lagunitas Elementary","ELEMENTARY",2003,2016,14
"359",21,"Marin",65367,"Larkspur Elementary","ELEMENTARY",2003,2016,14
"360",21,"Marin",65375,"Lincoln Elementary","ELEMENTARY",2003,2016,14
"361",21,"Marin",65391,"Mill Valley Elementary","ELEMENTARY",2003,2016,14
"362",21,"Marin",65409,"Nicasio Elementary","ELEMENTARY",2003,2016,14
"363",21,"Marin",65417,"Novato Unified","UNIFIED",2003,2016,14
"364",21,"Marin",65425,"Reed Union Elementary","ELEMENTARY",2003,2016,14
"365",21,"Marin",65433,"Ross Elementary","ELEMENTARY",2003,2016,14
"366",21,"Marin",65458,"San Rafael City Elementary","ELEMENTARY",2003,2016,14
"367",21,"Marin",65466,"San Rafael City High","HIGH",2003,2016,14
"368",21,"Marin",65474,"Sausalito Elementary","ELEMENTARY",2003,2016,14
"369",21,"Marin",65482,"Tamalpais Union High","HIGH",2003,2016,14
"370",21,"Marin",65516,"Union Joint Elementary","ELEMENTARY",2003,2016,14
"371",21,"Marin",73361,"Shoreline Unified","UNIFIED",2003,2016,14
"372",21,"Marin",75002,"Ross Valley Elementary","ELEMENTARY",2003,2016,14
"373",22,"Mariposa",65532,"Mariposa County Unified","UNIFIED",2003,2016,14
"374",23,"Mendocino",65540,"Anderson Valley Unified","UNIFIED",2003,2016,14
"375",23,"Mendocino",65557,"Arena Union Elementary","ELEMENTARY",2003,2003,1
"376",23,"Mendocino",65565,"Fort Bragg Unified","UNIFIED",2003,2016,14
"377",23,"Mendocino",65573,"Manchester Union Elementary","ELEMENTARY",2003,2016,14
"378",23,"Mendocino",65581,"Mendocino Unified","UNIFIED",2003,2016,14
"379",23,"Mendocino",65599,"Point Arena Joint Union High","HIGH",2003,2003,1
"380",23,"Mendocino",65607,"Round Valley Unified","UNIFIED",2003,2016,14
"381",23,"Mendocino",65615,"Ukiah Unified","UNIFIED",2003,2016,14
"382",23,"Mendocino",65623,"Willits Unified","UNIFIED",2003,2016,14
"383",23,"Mendocino",73866,"Potter Valley Community Unified","UNIFIED",2003,2016,14
"384",23,"Mendocino",73916,"Laytonville Unified","UNIFIED",2003,2016,14
"385",23,"Mendocino",75218,"Leggett Valley Unified","UNIFIED",2003,2016,14
"386",23,"Mendocino",76349,"Arena Union Elementary/Point Arena Joint Unio","Comm Admin Dist",2004,2016,13
"387",24,"Merced",65631,"Atwater Elementary","ELEMENTARY",2003,2016,14
"388",24,"Merced",65649,"Ballico-Cressey Elementary","ELEMENTARY",2003,2016,14
"389",24,"Merced",65680,"El Nido Elementary","ELEMENTARY",2003,2016,14
"390",24,"Merced",65698,"Hilmar Unified","UNIFIED",2003,2016,14
"391",24,"Merced",65722,"Le Grand Union Elementary","ELEMENTARY",2003,2016,14
"392",24,"Merced",65730,"Le Grand Union High","HIGH",2003,2016,14
"393",24,"Merced",65748,"Livingston Union Elementary","ELEMENTARY",2003,2016,14
"394",24,"Merced",65755,"Los Banos Unified","UNIFIED",2003,2016,14
"395",24,"Merced",65763,"Mcswain Union Elementary","ELEMENTARY",2003,2016,14
"396",24,"Merced",65771,"Merced City Elementary","ELEMENTARY",2003,2016,14
"397",24,"Merced",65789,"Merced Union High","HIGH",2003,2016,14
"398",24,"Merced",65813,"Plainsburg Union Elementary","ELEMENTARY",2003,2016,14
"399",24,"Merced",65821,"Planada Elementary","ELEMENTARY",2003,2016,14
"400",24,"Merced",65839,"Snelling-Merced Falls Union Elementary","ELEMENTARY",2003,2016,14
"401",24,"Merced",65862,"Weaver Union Elementary","ELEMENTARY",2003,2016,14
"402",24,"Merced",65870,"Winton Elementary","ELEMENTARY",2003,2016,14
"403",24,"Merced",73619,"Gustine Unified","UNIFIED",2003,2016,14
"404",24,"Merced",73726,"Merced River Union Elementary","ELEMENTARY",2003,2016,14
"405",24,"Merced",75317,"Dos Palos Oro Loma Jt. Unified","UNIFIED",2003,2016,14
"406",24,"Merced",75366,"Delhi Unified","UNIFIED",2003,2016,14
"407",25,"Modoc",65896,"Surprise Valley Joint Unified","UNIFIED",2003,2016,14
"408",25,"Modoc",73585,"Modoc Joint Unified","UNIFIED",2003,2016,14
"409",25,"Modoc",73593,"Tulelake Basin Joint Unified","UNIFIED",2003,2016,14
"410",26,"Mono",73668,"Eastern Sierra Unified","UNIFIED",2003,2016,14
"411",26,"Mono",73692,"Mammoth Unified","UNIFIED",2003,2016,14
"412",27,"Monterey",65961,"Alisal Union Elementary","ELEMENTARY",2003,2016,14
"413",27,"Monterey",65979,"Bradley Union Elementary","ELEMENTARY",2003,2016,14
"414",27,"Monterey",65987,"Carmel Unified","UNIFIED",2003,2016,14
"415",27,"Monterey",65995,"Chualar Union Elementary","ELEMENTARY",2003,2016,14
"416",27,"Monterey",66027,"Graves Elementary","ELEMENTARY",2003,2016,14
"417",27,"Monterey",66035,"Greenfield Union Elementary","ELEMENTARY",2003,2016,14
"418",27,"Monterey",66050,"King City Union Elementary","ELEMENTARY",2003,2016,14
"419",27,"Monterey",66068,"King City Joint Union High","HIGH",2003,2016,14
"420",27,"Monterey",66076,"Lagunita Elementary","ELEMENTARY",2003,2016,14
"421",27,"Monterey",66084,"Mission Union Elementary","ELEMENTARY",2003,2016,14
"422",27,"Monterey",66092,"Monterey Peninsula Unified","UNIFIED",2003,2016,14
"423",27,"Monterey",66134,"Pacific Grove Unified","UNIFIED",2003,2016,14
"424",27,"Monterey",66142,"Salinas City Elementary","ELEMENTARY",2003,2016,14
"425",27,"Monterey",66159,"Salinas Union High","HIGH",2003,2016,14
"426",27,"Monterey",66167,"San Antonio Union Elementary","ELEMENTARY",2003,2016,14
"427",27,"Monterey",66175,"San Ardo Union Elementary","ELEMENTARY",2003,2016,14
"428",27,"Monterey",66183,"San Lucas Union Elementary","ELEMENTARY",2003,2016,14
"429",27,"Monterey",66191,"Santa Rita Union Elementary","ELEMENTARY",2003,2016,14
"430",27,"Monterey",66225,"Spreckels Union Elementary","ELEMENTARY",2003,2016,14
"431",27,"Monterey",66233,"Washington Union Elementary","ELEMENTARY",2003,2016,14
"432",27,"Monterey",73825,"North Monterey County Unified","UNIFIED",2003,2016,14
"433",27,"Monterey",75150,"Pacific Unified","UNIFIED",2003,2016,14
"434",27,"Monterey",75440,"Soledad Unified","UNIFIED",2003,2016,14
"435",27,"Monterey",75473,"Gonzales Unified","UNIFIED",2003,2016,14
"436",28,"Napa",66241,"Calistoga Joint Unified","UNIFIED",2003,2016,14
"437",28,"Napa",66258,"Howell Mountain Elementary","ELEMENTARY",2003,2016,14
"438",28,"Napa",66266,"Napa Valley Unified","UNIFIED",2003,2016,14
"439",28,"Napa",66282,"Pope Valley Union Elementary","ELEMENTARY",2003,2016,14
"440",28,"Napa",66290,"St. Helena Unified","UNIFIED",2003,2016,14
"441",29,"Nevada",66316,"Chicago Park Elementary","ELEMENTARY",2003,2016,14
"442",29,"Nevada",66324,"Clear Creek Elementary","ELEMENTARY",2003,2016,14
"443",29,"Nevada",66332,"Grass Valley Elementary","ELEMENTARY",2003,2016,14
"444",29,"Nevada",66340,"Nevada City Elementary","ELEMENTARY",2003,2016,14
"445",29,"Nevada",66357,"Nevada Joint Union High","HIGH",2003,2016,14
"446",29,"Nevada",66373,"Pleasant Ridge Union Elementary","ELEMENTARY",2003,2016,14
"447",29,"Nevada",66381,"Pleasant Valley Elementary","ELEMENTARY",2003,2014,12
"448",29,"Nevada",66399,"Ready Springs Union Elementary","ELEMENTARY",2003,2014,12
"449",29,"Nevada",66407,"Union Hill Elementary","ELEMENTARY",2003,2016,14
"450",29,"Nevada",66415,"Twin Ridges Elementary","ELEMENTARY",2003,2016,14
"451",29,"Nevada",76877,"Penn Valley Union Elementary","ELEMENTARY",2014,2016,3
"452",30,"Orange",66423,"Anaheim Elementary","ELEMENTARY",2003,2016,14
"453",30,"Orange",66431,"Anaheim Union High","HIGH",2003,2016,14
"454",30,"Orange",66449,"Brea-Olinda Unified","UNIFIED",2003,2016,14
"455",30,"Orange",66456,"Buena Park Elementary","ELEMENTARY",2003,2016,14
"456",30,"Orange",66464,"Capistrano Unified","UNIFIED",2003,2016,14
"457",30,"Orange",66472,"Centralia Elementary","ELEMENTARY",2003,2016,14
"458",30,"Orange",66480,"Cypress Elementary","ELEMENTARY",2003,2016,14
"459",30,"Orange",66498,"Fountain Valley Elementary","ELEMENTARY",2003,2016,14
"460",30,"Orange",66506,"Fullerton Elementary","ELEMENTARY",2003,2016,14
"461",30,"Orange",66514,"Fullerton Joint Union High","HIGH",2003,2016,14
"462",30,"Orange",66522,"Garden Grove Unified","UNIFIED",2003,2016,14
"463",30,"Orange",66530,"Huntington Beach City Elementary","ELEMENTARY",2003,2016,14
"464",30,"Orange",66548,"Huntington Beach Union High","HIGH",2003,2016,14
"465",30,"Orange",66555,"Laguna Beach Unified","UNIFIED",2003,2016,14
"466",30,"Orange",66563,"La Habra City Elementary","ELEMENTARY",2003,2016,14
"467",30,"Orange",66589,"Magnolia Elementary","ELEMENTARY",2003,2016,14
"468",30,"Orange",66597,"Newport-Mesa Unified","UNIFIED",2003,2016,14
"469",30,"Orange",66613,"Ocean View Elementary","ELEMENTARY",2003,2016,14
"470",30,"Orange",66621,"Orange Unified","UNIFIED",2003,2016,14
"471",30,"Orange",66647,"Placentia-Yorba Linda Unified","UNIFIED",2003,2016,14
"472",30,"Orange",66670,"Santa Ana Unified","UNIFIED",2003,2016,14
"473",30,"Orange",66696,"Savanna Elementary","ELEMENTARY",2003,2016,14
"474",30,"Orange",66746,"Westminster Elementary","ELEMENTARY",2003,2016,14
"475",30,"Orange",73635,"Saddleback Valley Unified","UNIFIED",2003,2016,14
"476",30,"Orange",73643,"Tustin Unified","UNIFIED",2003,2016,14
"477",30,"Orange",73650,"Irvine Unified","UNIFIED",2003,2016,14
"478",30,"Orange",73924,"Los Alamitos Unified","UNIFIED",2003,2016,14
"479",31,"Placer",66761,"Ackerman Elementary","ELEMENTARY",2003,2016,14
"480",31,"Placer",66779,"Alta-Dutch Flat Union Elementary","ELEMENTARY",2003,2016,14
"481",31,"Placer",66787,"Auburn Union Elementary","ELEMENTARY",2003,2016,14
"482",31,"Placer",66795,"Colfax Elementary","ELEMENTARY",2003,2016,14
"483",31,"Placer",66803,"Dry Creek Joint Elementary","ELEMENTARY",2003,2016,14
"484",31,"Placer",66829,"Eureka Union Elementary","ELEMENTARY",2003,2016,14
"485",31,"Placer",66837,"Foresthill Union Elementary","ELEMENTARY",2003,2016,14
"486",31,"Placer",66845,"Loomis Union Elementary","ELEMENTARY",2003,2016,14
"487",31,"Placer",66852,"Newcastle Elementary","ELEMENTARY",2003,2016,14
"488",31,"Placer",66860,"Ophir Elementary","ELEMENTARY",2003,2008,6
"489",31,"Placer",66878,"Penryn Elementary","ELEMENTARY",2003,2005,3
"490",31,"Placer",66886,"Placer Hills Union Elementary","ELEMENTARY",2003,2016,14
"491",31,"Placer",66894,"Placer Union High","HIGH",2003,2016,14
"492",31,"Placer",66910,"Roseville City Elementary","ELEMENTARY",2003,2016,14
"493",31,"Placer",66928,"Roseville Joint Union High","HIGH",2003,2016,14
"494",31,"Placer",66944,"Tahoe-Truckee Unified","UNIFIED",2003,2016,14
"495",31,"Placer",66951,"Western Placer Unified","UNIFIED",2003,2016,14
"496",31,"Placer",75085,"Rocklin Unified","UNIFIED",2003,2016,14
"497",31,"Placer",76570,"SBE - Western Sierra Collegiate Academy","UNIFIED",2009,2013,5
"498",32,"Plumas",66969,"Plumas Unified","UNIFIED",2003,2016,14
"499",33,"Riverside",66977,"Alvord Unified","UNIFIED",2003,2016,14
"500",33,"Riverside",66985,"Banning Unified","UNIFIED",2003,2016,14
"501",33,"Riverside",66993,"Beaumont Unified","UNIFIED",2003,2016,14
"502",33,"Riverside",67033,"Corona-Norco Unified","UNIFIED",2003,2016,14
"503",33,"Riverside",67041,"Desert Center Unified","UNIFIED",2003,2016,14
"504",33,"Riverside",67058,"Desert Sands Unified","UNIFIED",2003,2016,14
"505",33,"Riverside",67082,"Hemet Unified","UNIFIED",2003,2016,14
"506",33,"Riverside",67090,"Jurupa Unified","UNIFIED",2003,2016,14
"507",33,"Riverside",67116,"Menifee Union Elementary","ELEMENTARY",2003,2016,14
"508",33,"Riverside",67124,"Moreno Valley Unified","UNIFIED",2003,2016,14
"509",33,"Riverside",67157,"Nuview Union Elementary","ELEMENTARY",2003,2016,14
"510",33,"Riverside",67173,"Palm Springs Unified","UNIFIED",2003,2016,14
"511",33,"Riverside",67181,"Palo Verde Unified","UNIFIED",2003,2016,14
"512",33,"Riverside",67199,"Perris Elementary","ELEMENTARY",2003,2016,14
"513",33,"Riverside",67207,"Perris Union High","HIGH",2003,2016,14
"514",33,"Riverside",67215,"Riverside Unified","UNIFIED",2003,2016,14
"515",33,"Riverside",67231,"Romoland Elementary","ELEMENTARY",2003,2016,14
"516",33,"Riverside",67249,"San Jacinto Unified","UNIFIED",2003,2016,14
"517",33,"Riverside",73676,"Coachella Valley Unified","UNIFIED",2003,2016,14
"518",33,"Riverside",75176,"Lake Elsinore Unified","UNIFIED",2003,2016,14
"519",33,"Riverside",75192,"Temecula Valley Unified","UNIFIED",2003,2016,14
"520",33,"Riverside",75200,"Murrieta Valley Unified","UNIFIED",2003,2016,14
"521",33,"Riverside",75242,"Val Verde Unified","UNIFIED",2003,2016,14
"522",34,"Sacramento",67280,"Arcohe Union Elementary","ELEMENTARY",2003,2016,14
"523",34,"Sacramento",67306,"Del Paso Heights Elementary","ELEMENTARY",2003,2008,6
"524",34,"Sacramento",67314,"Elk Grove Unified","UNIFIED",2003,2016,14
"525",34,"Sacramento",67322,"Elverta Joint Elementary","ELEMENTARY",2003,2016,14
"526",34,"Sacramento",67330,"Folsom-Cordova Unified","UNIFIED",2003,2016,14
"527",34,"Sacramento",67348,"Galt Joint Union Elementary","ELEMENTARY",2003,2016,14
"528",34,"Sacramento",67355,"Galt Joint Union High","HIGH",2003,2016,14
"529",34,"Sacramento",67363,"Grant Joint Union High","HIGH",2003,2008,6
"530",34,"Sacramento",67397,"North Sacramento Elementary","ELEMENTARY",2003,2008,6
"531",34,"Sacramento",67405,"Rio Linda Union Elementary","ELEMENTARY",2003,2008,6
"532",34,"Sacramento",67413,"River Delta Joint Unified","UNIFIED",2003,2016,14
"533",34,"Sacramento",67421,"Robla Elementary","ELEMENTARY",2003,2016,14
"534",34,"Sacramento",67439,"Sacramento City Unified","UNIFIED",2003,2016,14
"535",34,"Sacramento",67447,"San Juan Unified","UNIFIED",2003,2016,14
"536",34,"Sacramento",73973,"Center Joint Unified","UNIFIED",2003,2016,14
"537",34,"Sacramento",75283,"Natomas Unified","UNIFIED",2003,2016,14
"538",34,"Sacramento",76505,"Twin Rivers Unified","UNIFIED",2008,2016,9
"539",35,"San Benito",67454,"Bitterwater-Tully Union Elemen","ELEMENTARY",2003,2016,14
"540",35,"San Benito",67462,"Cienega Union Elementary","ELEMENTARY",2003,2016,14
"541",35,"San Benito",67470,"Hollister Elementary","ELEMENTARY",2003,2016,14
"542",35,"San Benito",67488,"Jefferson Elementary","ELEMENTARY",2003,2016,14
"543",35,"San Benito",67504,"North County Joint Union Elementary","ELEMENTARY",2003,2016,14
"544",35,"San Benito",67520,"Panoche Elementary","ELEMENTARY",2003,2016,14
"545",35,"San Benito",67538,"San Benito High","HIGH",2003,2016,14
"546",35,"San Benito",67553,"Southside Elementary","ELEMENTARY",2003,2016,14
"547",35,"San Benito",67561,"Tres Pinos Union Elementary","ELEMENTARY",2003,2016,14
"548",35,"San Benito",67579,"Willow Grove Union Elementary","ELEMENTARY",2003,2016,14
"549",35,"San Benito",75259,"Aromas/San Juan Unified","UNIFIED",2003,2016,14
"550",36,"San Bernardino",67587,"Adelanto Elementary","ELEMENTARY",2003,2016,14
"551",36,"San Bernardino",67595,"Alta Loma Elementary","ELEMENTARY",2003,2016,14
"552",36,"San Bernardino",67611,"Barstow Unified","UNIFIED",2003,2016,14
"553",36,"San Bernardino",67637,"Bear Valley Unified","UNIFIED",2003,2016,14
"554",36,"San Bernardino",67645,"Central Elementary","ELEMENTARY",2003,2016,14
"555",36,"San Bernardino",67652,"Chaffey Union High","HIGH",2003,2016,14
"556",36,"San Bernardino",67678,"Chino Valley Unified","UNIFIED",2003,2016,14
"557",36,"San Bernardino",67686,"Colton Joint Unified","UNIFIED",2003,2016,14
"558",36,"San Bernardino",67694,"Cucamonga Elementary","ELEMENTARY",2003,2016,14
"559",36,"San Bernardino",67702,"Etiwanda Elementary","ELEMENTARY",2003,2016,14
"560",36,"San Bernardino",67710,"Fontana Unified","UNIFIED",2003,2016,14
"561",36,"San Bernardino",67736,"Helendale Elementary","ELEMENTARY",2003,2016,14
"562",36,"San Bernardino",67777,"Morongo Unified","UNIFIED",2003,2016,14
"563",36,"San Bernardino",67785,"Mountain View Elementary","ELEMENTARY",2003,2016,14
"564",36,"San Bernardino",67793,"Mt. Baldy Joint Elementary","ELEMENTARY",2003,2016,14
"565",36,"San Bernardino",67801,"Needles Unified","UNIFIED",2003,2016,14
"566",36,"San Bernardino",67819,"Ontario-Montclair Elementary","ELEMENTARY",2003,2016,14
"567",36,"San Bernardino",67827,"Oro Grande Elementary","ELEMENTARY",2003,2016,14
"568",36,"San Bernardino",67843,"Redlands Unified","UNIFIED",2003,2016,14
"569",36,"San Bernardino",67850,"Rialto Unified","UNIFIED",2003,2016,14
"570",36,"San Bernardino",67868,"Rim of The World Unified","UNIFIED",2003,2016,14
"571",36,"San Bernardino",67876,"San Bernardino City Unified","UNIFIED",2003,2016,14
"572",36,"San Bernardino",67892,"Trona Joint Unified","UNIFIED",2003,2016,14
"573",36,"San Bernardino",67918,"Victor Elementary","ELEMENTARY",2003,2016,14
"574",36,"San Bernardino",67934,"Victor Valley Union High","HIGH",2003,2016,14
"575",36,"San Bernardino",67959,"Yucaipa-Calimesa Jt. Unified","UNIFIED",2003,2016,14
"576",36,"San Bernardino",73858,"Baker Valley Unified","UNIFIED",2003,2016,14
"577",36,"San Bernardino",73890,"Silver Valley Unified","UNIFIED",2003,2016,14
"578",36,"San Bernardino",73957,"Snowline Joint Unified","UNIFIED",2003,2016,14
"579",36,"San Bernardino",75044,"Hesperia Unified","UNIFIED",2003,2016,14
"580",36,"San Bernardino",75051,"Lucerne Valley Unified","UNIFIED",2003,2016,14
"581",36,"San Bernardino",75069,"Upland Unified","UNIFIED",2003,2016,14
"582",36,"San Bernardino",75077,"Apple Valley Unified","UNIFIED",2003,2016,14
"583",37,"San Diego",67967,"Alpine Union Elementary","ELEMENTARY",2003,2016,14
"584",37,"San Diego",67975,"Bonsall Union Elementary","ELEMENTARY",2003,2014,12
"585",37,"San Diego",67983,"Borrego Springs Unified","UNIFIED",2003,2016,14
"586",37,"San Diego",67991,"Cajon Valley Union Elementary","ELEMENTARY",2003,2016,14
"587",37,"San Diego",68007,"Cardiff Elementary","ELEMENTARY",2003,2016,14
"588",37,"San Diego",68023,"Chula Vista Elementary","ELEMENTARY",2003,2016,14
"589",37,"San Diego",68031,"Coronado Unified","UNIFIED",2003,2016,14
"590",37,"San Diego",68049,"Dehesa Elementary","ELEMENTARY",2003,2016,14
"591",37,"San Diego",68056,"Del Mar Union Elementary","ELEMENTARY",2003,2016,14
"592",37,"San Diego",68080,"Encinitas Union Elementary","ELEMENTARY",2003,2016,14
"593",37,"San Diego",68098,"Escondido Union Elementary","ELEMENTARY",2003,2016,14
"594",37,"San Diego",68106,"Escondido Union High","HIGH",2003,2016,14
"595",37,"San Diego",68114,"Fallbrook Union Elementary","ELEMENTARY",2003,2016,14
"596",37,"San Diego",68122,"Fallbrook Union High","HIGH",2003,2016,14
"597",37,"San Diego",68130,"Grossmont Union High","HIGH",2003,2016,14
"598",37,"San Diego",68155,"Jamul-Dulzura Union Elementary","ELEMENTARY",2003,2016,14
"599",37,"San Diego",68163,"Julian Union Elementary","ELEMENTARY",2003,2016,14
"600",37,"San Diego",68171,"Julian Union High","HIGH",2003,2016,14
"601",37,"San Diego",68189,"Lakeside Union Elementary","ELEMENTARY",2003,2016,14
"602",37,"San Diego",68197,"La Mesa-Spring Valley","ELEMENTARY",2003,2016,14
"603",37,"San Diego",68205,"Lemon Grove Elementary","ELEMENTARY",2003,2016,14
"604",37,"San Diego",68213,"Mountain Empire Unified","UNIFIED",2003,2016,14
"605",37,"San Diego",68221,"National Elementary","ELEMENTARY",2003,2016,14
"606",37,"San Diego",68296,"Poway Unified","UNIFIED",2003,2016,14
"607",37,"San Diego",68304,"Ramona City Unified","UNIFIED",2003,2016,14
"608",37,"San Diego",68312,"Rancho Santa Fe Elementary","ELEMENTARY",2003,2016,14
"609",37,"San Diego",68338,"San Diego City Unified","UNIFIED",2003,2016,14
"610",37,"San Diego",68346,"San Dieguito Union High","HIGH",2003,2016,14
"611",37,"San Diego",68353,"San Pasqual Union Elementary","ELEMENTARY",2003,2016,14
"612",37,"San Diego",68361,"Santee Elementary","ELEMENTARY",2003,2016,14
"613",37,"San Diego",68379,"San Ysidro Elementary","ELEMENTARY",2003,2016,14
"614",37,"San Diego",68387,"Solana Beach Elementary","ELEMENTARY",2003,2016,14
"615",37,"San Diego",68395,"South Bay Union Elementary","ELEMENTARY",2003,2016,14
"616",37,"San Diego",68403,"Spencer Valley Elementary","ELEMENTARY",2003,2016,14
"617",37,"San Diego",68411,"Sweetwater Union High","HIGH",2003,2016,14
"618",37,"San Diego",68437,"Vallecitos Elementary","ELEMENTARY",2003,2016,14
"619",37,"San Diego",68452,"Vista Unified","UNIFIED",2003,2016,14
"620",37,"San Diego",73551,"Carlsbad Unified","UNIFIED",2003,2016,14
"621",37,"San Diego",73569,"Oceanside City Unified","UNIFIED",2003,2016,14
"622",37,"San Diego",73791,"San Marcos Unified","UNIFIED",2003,2016,14
"623",37,"San Diego",75416,"Warner Unified","UNIFIED",2003,2016,14
"624",37,"San Diego",75614,"Valley Center-Pauma Unified","UNIFIED",2003,2016,14
"625",37,"San Diego",76851,"Bonsall Unified","UNIFIED",2014,2016,3
"626",38,"San Francisco",68478,"San Francisco Unified","UNIFIED",2003,2016,14
"627",39,"San Joaquin",68486,"Banta Elementary","ELEMENTARY",2003,2016,14
"628",39,"San Joaquin",68502,"Escalon Unified","UNIFIED",2003,2016,14
"629",39,"San Joaquin",68536,"Holt Union Elementary","ELEMENTARY",2003,2007,5
"630",39,"San Joaquin",68544,"Jefferson Elementary","ELEMENTARY",2003,2016,14
"631",39,"San Joaquin",68551,"Lammersville Elementary","ELEMENTARY",2003,2011,9
"632",39,"San Joaquin",68569,"Lincoln Unified","UNIFIED",2003,2016,14
"633",39,"San Joaquin",68577,"Linden Unified","UNIFIED",2003,2016,14
"634",39,"San Joaquin",68585,"Lodi Unified","UNIFIED",2003,2016,14
"635",39,"San Joaquin",68593,"Manteca Unified","UNIFIED",2003,2016,14
"636",39,"San Joaquin",68619,"New Hope Elementary","ELEMENTARY",2003,2016,14
"637",39,"San Joaquin",68627,"New Jerusalem Elementary","ELEMENTARY",2003,2016,14
"638",39,"San Joaquin",68635,"Oak View Union Elementary","ELEMENTARY",2003,2016,14
"639",39,"San Joaquin",68650,"Ripon Unified","UNIFIED",2003,2016,14
"640",39,"San Joaquin",68676,"Stockton City Unified","UNIFIED",2003,2016,14
"641",39,"San Joaquin",75499,"Tracy Joint Unified","UNIFIED",2003,2016,14
"642",39,"San Joaquin",76760,"Lammersville Joint Unified","UNIFIED",2011,2016,6
"643",40,"San Luis Obispo",68700,"Atascadero Unified","UNIFIED",2003,2016,14
"644",40,"San Luis Obispo",68726,"Cayucos Elementary","ELEMENTARY",2003,2016,14
"645",40,"San Luis Obispo",68759,"Lucia Mar Unified","UNIFIED",2003,2016,14
"646",40,"San Luis Obispo",68791,"Pleasant Valley Joint Union Elementary","ELEMENTARY",2003,2016,14
"647",40,"San Luis Obispo",68809,"San Luis Coastal Unified","UNIFIED",2003,2016,14
"648",40,"San Luis Obispo",68825,"San Miguel Joint Union Elementary","ELEMENTARY",2003,2016,14
"649",40,"San Luis Obispo",68833,"Shandon Joint Unified","UNIFIED",2003,2016,14
"650",40,"San Luis Obispo",68841,"Templeton Unified","UNIFIED",2003,2016,14
"651",40,"San Luis Obispo",75457,"Paso Robles Joint Unified","UNIFIED",2003,2016,14
"652",40,"San Luis Obispo",75465,"Coast Unified","UNIFIED",2003,2016,14
"653",41,"San Mateo",68858,"Bayshore Elementary","ELEMENTARY",2003,2016,14
"654",41,"San Mateo",68866,"Belmont-Redwood Shores Elementary","ELEMENTARY",2003,2016,14
"655",41,"San Mateo",68874,"Brisbane Elementary","ELEMENTARY",2003,2016,14
"656",41,"San Mateo",68882,"Burlingame Elementary","ELEMENTARY",2003,2016,14
"657",41,"San Mateo",68890,"Cabrillo Unified","UNIFIED",2003,2016,14
"658",41,"San Mateo",68908,"Hillsborough City Elementary","ELEMENTARY",2003,2016,14
"659",41,"San Mateo",68916,"Jefferson Elementary","ELEMENTARY",2003,2016,14
"660",41,"San Mateo",68924,"Jefferson Union High","HIGH",2003,2016,14
"661",41,"San Mateo",68932,"Pacifica School District","ELEMENTARY",2003,2016,14
"662",41,"San Mateo",68940,"La Honda-Pescadero Unified","UNIFIED",2003,2016,14
"663",41,"San Mateo",68957,"Las Lomitas Elementary","ELEMENTARY",2003,2016,14
"664",41,"San Mateo",68965,"Menlo Park City Elementary","ELEMENTARY",2003,2016,14
"665",41,"San Mateo",68973,"Millbrae Elementary","ELEMENTARY",2003,2016,14
"666",41,"San Mateo",68981,"Portola Valley Elementary","ELEMENTARY",2003,2016,14
"667",41,"San Mateo",68999,"Ravenswood City Elementary","ELEMENTARY",2003,2016,14
"668",41,"San Mateo",69005,"Redwood City Elementary","ELEMENTARY",2003,2016,14
"669",41,"San Mateo",69013,"San Bruno Park Elementary","ELEMENTARY",2003,2016,14
"670",41,"San Mateo",69021,"San Carlos Elementary","ELEMENTARY",2003,2016,14
"671",41,"San Mateo",69039,"San Mateo-Foster City Elementary","ELEMENTARY",2003,2016,14
"672",41,"San Mateo",69047,"San Mateo Union High","HIGH",2003,2016,14
"673",41,"San Mateo",69062,"Sequoia Union High","HIGH",2003,2016,14
"674",41,"San Mateo",69070,"South San Francisco Unified","UNIFIED",2003,2016,14
"675",41,"San Mateo",69088,"Woodside Elementary","ELEMENTARY",2003,2016,14
"676",42,"Santa Barbara",69104,"Ballard Elementary","ELEMENTARY",2003,2016,14
"677",42,"Santa Barbara",69112,"Blochman Union Elementary","ELEMENTARY",2003,2016,14
"678",42,"Santa Barbara",69120,"Santa Maria-Bonita Elementary","ELEMENTARY",2003,2016,14
"679",42,"Santa Barbara",69138,"Buellton Union Elementary","ELEMENTARY",2003,2016,14
"680",42,"Santa Barbara",69146,"Carpinteria Unified","UNIFIED",2003,2016,14
"681",42,"Santa Barbara",69153,"Casmalia Elementary","ELEMENTARY",2003,2008,6
"682",42,"Santa Barbara",69161,"Cold Spring Elementary","ELEMENTARY",2003,2016,14
"683",42,"Santa Barbara",69179,"College Elementary","ELEMENTARY",2003,2016,14
"684",42,"Santa Barbara",69195,"Goleta Union Elementary","ELEMENTARY",2003,2016,14
"685",42,"Santa Barbara",69203,"Guadalupe Union Elementary","ELEMENTARY",2003,2016,14
"686",42,"Santa Barbara",69211,"Hope Elementary","ELEMENTARY",2003,2016,14
"687",42,"Santa Barbara",69229,"Lompoc Unified","UNIFIED",2003,2016,14
"688",42,"Santa Barbara",69237,"Los Alamos Elementary","ELEMENTARY",2003,2011,9
"689",42,"Santa Barbara",69245,"Los Olivos Elementary","ELEMENTARY",2003,2016,14
"690",42,"Santa Barbara",69252,"Montecito Union Elementary","ELEMENTARY",2003,2016,14
"691",42,"Santa Barbara",69260,"Orcutt Union Elementary","ELEMENTARY",2003,2016,14
"692",42,"Santa Barbara",69278,"Santa Barbara Elementary","ELEMENTARY",2003,2004,2
"693",42,"Santa Barbara",69286,"Santa Barbara High","HIGH",2003,2004,2
"694",42,"Santa Barbara",69310,"Santa Maria Joint Union High","HIGH",2003,2016,14
"695",42,"Santa Barbara",69328,"Santa Ynez Valley Union High","HIGH",2003,2016,14
"696",42,"Santa Barbara",69336,"Solvang Elementary","ELEMENTARY",2003,2016,14
"697",42,"Santa Barbara",69344,"Vista Del Mar Union Elementary","ELEMENTARY",2003,2016,14
"698",42,"Santa Barbara",75010,"Cuyama Joint Unified","UNIFIED",2003,2016,14
"699",42,"Santa Barbara",76406,"Santa Barbara School Districts","Comm Admin Dist",2005,2011,7
"700",42,"Santa Barbara",76786,"Santa Barbara Unified","UNIFIED",2011,2016,6
"701",43,"Santa Clara",69369,"Alum Rock Union Elementary","ELEMENTARY",2003,2016,14
"702",43,"Santa Clara",69377,"Berryessa Union Elementary","ELEMENTARY",2003,2016,14
"703",43,"Santa Clara",69385,"Cambrian Elementary","ELEMENTARY",2003,2016,14
"704",43,"Santa Clara",69393,"Campbell Union Elementary","ELEMENTARY",2003,2016,14
"705",43,"Santa Clara",69401,"Campbell Union High","HIGH",2003,2016,14
"706",43,"Santa Clara",69419,"Cupertino Union Elementary","ELEMENTARY",2003,2016,14
"707",43,"Santa Clara",69427,"East Side Union High","HIGH",2003,2016,14
"708",43,"Santa Clara",69435,"Evergreen Elementary","ELEMENTARY",2003,2016,14
"709",43,"Santa Clara",69450,"Franklin-McKinley Elementary","ELEMENTARY",2003,2016,14
"710",43,"Santa Clara",69468,"Fremont Union High","HIGH",2003,2016,14
"711",43,"Santa Clara",69484,"Gilroy Unified","UNIFIED",2003,2016,14
"712",43,"Santa Clara",69492,"Lakeside Joint Elementary","ELEMENTARY",2003,2016,14
"713",43,"Santa Clara",69500,"Loma Prieta Joint Union Elemen","ELEMENTARY",2003,2016,14
"714",43,"Santa Clara",69518,"Los Altos Elementary","ELEMENTARY",2003,2016,14
"715",43,"Santa Clara",69526,"Los Gatos Union Elementary","ELEMENTARY",2003,2016,14
"716",43,"Santa Clara",69534,"Los Gatos-Saratoga Joint Union High","HIGH",2003,2016,14
"717",43,"Santa Clara",69542,"Luther Burbank Elementary","ELEMENTARY",2003,2016,14
"718",43,"Santa Clara",69567,"Montebello Elementary","ELEMENTARY",2003,2009,7
"719",43,"Santa Clara",69575,"Moreland Elementary","ELEMENTARY",2003,2016,14
"720",43,"Santa Clara",69583,"Morgan Hill Unified","UNIFIED",2003,2016,14
"721",43,"Santa Clara",69591,"Mountain View-Whisman Elementary","ELEMENTARY",2003,2016,14
"722",43,"Santa Clara",69609,"Mountain View-Los Altos Union High","HIGH",2003,2016,14
"723",43,"Santa Clara",69617,"Mt. Pleasant Elementary","ELEMENTARY",2003,2016,14
"724",43,"Santa Clara",69625,"Oak Grove Elementary","ELEMENTARY",2003,2016,14
"725",43,"Santa Clara",69633,"Orchard Elementary","ELEMENTARY",2003,2016,14
"726",43,"Santa Clara",69641,"Palo Alto Unified","UNIFIED",2003,2016,14
"727",43,"Santa Clara",69666,"San Jose Unified","UNIFIED",2003,2016,14
"728",43,"Santa Clara",69674,"Santa Clara Unified","UNIFIED",2003,2016,14
"729",43,"Santa Clara",69682,"Saratoga Union Elementary","ELEMENTARY",2003,2016,14
"730",43,"Santa Clara",69690,"Sunnyvale Elementary","ELEMENTARY",2003,2016,14
"731",43,"Santa Clara",69708,"Union Elementary","ELEMENTARY",2003,2016,14
"732",43,"Santa Clara",73387,"Milpitas Unified","UNIFIED",2003,2016,14
"733",44,"Santa Cruz",40261,"Santa Cruz City Elementary/High","Comm Admin Dist",2003,2016,14
"734",44,"Santa Cruz",69732,"Bonny Doon Union Elementary","ELEMENTARY",2003,2016,14
"735",44,"Santa Cruz",69757,"Happy Valley Elementary","ELEMENTARY",2003,2016,14
"736",44,"Santa Cruz",69765,"Live Oak Elementary","ELEMENTARY",2003,2016,14
"737",44,"Santa Cruz",69773,"Mountain Elementary","ELEMENTARY",2003,2016,14
"738",44,"Santa Cruz",69781,"Pacific Elementary","ELEMENTARY",2003,2016,14
"739",44,"Santa Cruz",69799,"Pajaro Valley Unified","UNIFIED",2003,2016,14
"740",44,"Santa Cruz",69807,"San Lorenzo Valley Unified","UNIFIED",2003,2016,14
"741",44,"Santa Cruz",69823,"Santa Cruz City High","HIGH",2015,2016,2
"742",44,"Santa Cruz",69849,"Soquel Elementary","ELEMENTARY",2003,2016,14
"743",44,"Santa Cruz",75432,"Scotts Valley Unified","UNIFIED",2003,2016,14
"744",45,"Shasta",69856,"Anderson Union High","HIGH",2003,2016,14
"745",45,"Shasta",69872,"Bella Vista Elementary","ELEMENTARY",2003,2016,14
"746",45,"Shasta",69880,"Black Butte Union Elementary","ELEMENTARY",2003,2016,14
"747",45,"Shasta",69914,"Cascade Union Elementary","ELEMENTARY",2003,2016,14
"748",45,"Shasta",69922,"Castle Rock Union Elementary","ELEMENTARY",2003,2016,14
"749",45,"Shasta",69948,"Columbia Elementary","ELEMENTARY",2003,2016,14
"750",45,"Shasta",69955,"Cottonwood Union Elementary","ELEMENTARY",2003,2016,14
"751",45,"Shasta",69971,"Enterprise Elementary","ELEMENTARY",2003,2016,14
"752",45,"Shasta",69989,"Fall River Joint Unified","UNIFIED",2003,2016,14
"753",45,"Shasta",69997,"French Gulch-Whiskeytown Elementary","ELEMENTARY",2003,2016,14
"754",45,"Shasta",70003,"Grant Elementary","ELEMENTARY",2003,2016,14
"755",45,"Shasta",70011,"Happy Valley Union Elementary","ELEMENTARY",2003,2016,14
"756",45,"Shasta",70029,"Igo, Ono, Platina Union Elementary","ELEMENTARY",2003,2016,14
"757",45,"Shasta",70037,"Indian Springs Elementary","ELEMENTARY",2003,2016,14
"758",45,"Shasta",70045,"Junction Elementary","ELEMENTARY",2003,2016,14
"759",45,"Shasta",70052,"Millville Elementary","ELEMENTARY",2003,2016,14
"760",45,"Shasta",70078,"North Cow Creek Elementary","ELEMENTARY",2003,2016,14
"761",45,"Shasta",70086,"Oak Run Elementary","ELEMENTARY",2003,2016,14
"762",45,"Shasta",70094,"Pacheco Union Elementary","ELEMENTARY",2003,2016,14
"763",45,"Shasta",70110,"Redding Elementary","ELEMENTARY",2003,2016,14
"764",45,"Shasta",70128,"Shasta Union Elementary","ELEMENTARY",2003,2016,14
"765",45,"Shasta",70136,"Shasta Union High","HIGH",2003,2016,14
"766",45,"Shasta",70169,"Whitmore Union Elementary","ELEMENTARY",2003,2016,14
"767",45,"Shasta",73700,"Mountain Union Elementary","ELEMENTARY",2003,2016,14
"768",45,"Shasta",75267,"Gateway Unified","UNIFIED",2003,2016,14
"769",46,"Sierra",70177,"Sierra-Plumas Joint Unified","UNIFIED",2003,2016,14
"770",47,"Siskiyou",70185,"Big Springs Union Elementary","ELEMENTARY",2003,2016,14
"771",47,"Siskiyou",70193,"Bogus Elementary","ELEMENTARY",2003,2016,14
"772",47,"Siskiyou",70201,"Butteville Union Elementary","ELEMENTARY",2003,2016,14
"773",47,"Siskiyou",70227,"Delphic Elementary","ELEMENTARY",2003,2016,14
"774",47,"Siskiyou",70243,"Dunsmuir Elementary","ELEMENTARY",2003,2016,14
"775",47,"Siskiyou",70250,"Dunsmuir Joint Union High","HIGH",2003,2016,14
"776",47,"Siskiyou",70268,"Etna Union Elementary","ELEMENTARY",2003,2007,5
"777",47,"Siskiyou",70276,"Etna Union High","HIGH",2003,2007,5
"778",47,"Siskiyou",70292,"Forks of Salmon Elementary","ELEMENTARY",2003,2016,14
"779",47,"Siskiyou",70300,"Fort Jones Union Elementary","ELEMENTARY",2003,2007,5
"780",47,"Siskiyou",70318,"Gazelle Union Elementary","ELEMENTARY",2003,2016,14
"781",47,"Siskiyou",70326,"Grenada Elementary","ELEMENTARY",2003,2016,14
"782",47,"Siskiyou",70334,"Happy Camp Union Elementary","ELEMENTARY",2003,2016,14
"783",47,"Siskiyou",70359,"Hornbrook Elementary","ELEMENTARY",2003,2016,14
"784",47,"Siskiyou",70367,"Junction Elementary","ELEMENTARY",2003,2016,14
"785",47,"Siskiyou",70375,"Klamath River Union Elementary","ELEMENTARY",2003,2016,14
"786",47,"Siskiyou",70383,"Little Shasta Elementary","ELEMENTARY",2003,2016,14
"787",47,"Siskiyou",70409,"McCloud Union Elementary","ELEMENTARY",2003,2016,14
"788",47,"Siskiyou",70417,"Montague Elementary","ELEMENTARY",2003,2016,14
"789",47,"Siskiyou",70425,"Mt. Shasta Union Elementary","ELEMENTARY",2003,2016,14
"790",47,"Siskiyou",70433,"Quartz Valley Elementary","ELEMENTARY",2003,2007,5
"791",47,"Siskiyou",70458,"Seiad Elementary","ELEMENTARY",2003,2016,14
"792",47,"Siskiyou",70466,"Siskiyou Union High","HIGH",2003,2016,14
"793",47,"Siskiyou",70482,"Weed Union Elementary","ELEMENTARY",2003,2016,14
"794",47,"Siskiyou",70490,"Willow Creek Elementary","ELEMENTARY",2003,2016,14
"795",47,"Siskiyou",70508,"Yreka Union Elementary","ELEMENTARY",2003,2016,14
"796",47,"Siskiyou",70516,"Yreka Union High","HIGH",2003,2016,14
"797",47,"Siskiyou",73684,"Butte Valley Unified","UNIFIED",2003,2016,14
"798",47,"Siskiyou",76455,"Scott Valley Unified","UNIFIED",2007,2016,10
"799",48,"Solano",70524,"Benicia Unified","UNIFIED",2003,2016,14
"800",48,"Solano",70532,"Dixon Unified","UNIFIED",2003,2016,14
"801",48,"Solano",70540,"Fairfield-Suisun Unified","UNIFIED",2003,2016,14
"802",48,"Solano",70565,"Travis Unified","UNIFIED",2003,2016,14
"803",48,"Solano",70573,"Vacaville Unified","UNIFIED",2003,2016,14
"804",48,"Solano",70581,"Vallejo City Unified","UNIFIED",2003,2016,14
"805",49,"Sonoma",40246,"Petaluma City Elementary/Joint Union High","Comm Admin Dist",2003,2016,14
"806",49,"Sonoma",40253,"Santa Rosa Elementary/High, City of","Comm Admin Dist",2003,2016,14
"807",49,"Sonoma",70599,"Alexander Valley Union Elementary","ELEMENTARY",2003,2016,14
"808",49,"Sonoma",70607,"West Sonoma County Union High","HIGH",2003,2016,14
"809",49,"Sonoma",70615,"Bellevue Union Elementary","ELEMENTARY",2003,2016,14
"810",49,"Sonoma",70623,"Bennett Valley Union Elementary","ELEMENTARY",2003,2016,14
"811",49,"Sonoma",70649,"Cinnabar Elementary","ELEMENTARY",2003,2016,14
"812",49,"Sonoma",70656,"Cloverdale Unified","UNIFIED",2003,2016,14
"813",49,"Sonoma",70672,"Dunham Elementary","ELEMENTARY",2003,2016,14
"814",49,"Sonoma",70680,"Forestville Union Elementary","ELEMENTARY",2003,2016,14
"815",49,"Sonoma",70698,"Fort Ross Elementary","ELEMENTARY",2003,2016,14
"816",49,"Sonoma",70706,"Geyserville Unified","UNIFIED",2003,2016,14
"817",49,"Sonoma",70714,"Gravenstein Union Elementary","ELEMENTARY",2003,2016,14
"818",49,"Sonoma",70722,"Guerneville Elementary","ELEMENTARY",2003,2016,14
"819",49,"Sonoma",70730,"Harmony Union Elementary","ELEMENTARY",2003,2016,14
"820",49,"Sonoma",70763,"Horicon Elementary","ELEMENTARY",2003,2016,14
"821",49,"Sonoma",70789,"Kenwood Elementary","ELEMENTARY",2003,2016,14
"822",49,"Sonoma",70797,"Liberty Elementary","ELEMENTARY",2003,2016,14
"823",49,"Sonoma",70805,"Mark West Union Elementary","ELEMENTARY",2003,2016,14
"824",49,"Sonoma",70813,"Monte Rio Union Elementary","ELEMENTARY",2003,2016,14
"825",49,"Sonoma",70821,"Montgomery Elementary","ELEMENTARY",2003,2016,14
"826",49,"Sonoma",70839,"Oak Grove Union Elementary","ELEMENTARY",2003,2016,14
"827",49,"Sonoma",70847,"Old Adobe Union Elementary","ELEMENTARY",2003,2016,14
"828",49,"Sonoma",70854,"Petaluma City Elementary","ELEMENTARY",2003,2016,14
"829",49,"Sonoma",70870,"Piner-Olivet Union Elementary","ELEMENTARY",2003,2016,14
"830",49,"Sonoma",70888,"Kashia Elementary","ELEMENTARY",2003,2016,14
"831",49,"Sonoma",70896,"Rincon Valley Union Elementary","ELEMENTARY",2003,2016,14
"832",49,"Sonoma",70904,"Roseland Elementary","ELEMENTARY",2003,2016,14
"833",49,"Sonoma",70912,"Santa Rosa Elementary","ELEMENTARY",2003,2016,13
"834",49,"Sonoma",70920,"Santa Rosa High [Common Admin Member]","HIGH",2005,2009,4
"835",49,"Sonoma",70938,"Sebastopol Union Elementary","ELEMENTARY",2003,2016,14
"836",49,"Sonoma",70953,"Sonoma Valley Unified","UNIFIED",2003,2016,14
"837",49,"Sonoma",70961,"Twin Hills Union Elementary","ELEMENTARY",2003,2016,14
"838",49,"Sonoma",70979,"Two Rock Union Elementary","ELEMENTARY",2003,2016,14
"839",49,"Sonoma",70995,"Waugh Elementary","ELEMENTARY",2003,2016,14
"840",49,"Sonoma",71001,"West Side Union Elementary","ELEMENTARY",2003,2016,14
"841",49,"Sonoma",71019,"Wilmar Union Elementary","ELEMENTARY",2003,2016,14
"842",49,"Sonoma",71035,"Wright Elementary","ELEMENTARY",2003,2016,14
"843",49,"Sonoma",73882,"Cotati-Rohnert Park Unified","UNIFIED",2003,2016,14
"844",49,"Sonoma",75358,"Windsor Unified","UNIFIED",2003,2016,14
"845",49,"Sonoma",75390,"Healdsburg Unified","UNIFIED",2003,2016,14
"846",49,"Sonoma",76604,"SBE - River Montessori Elementary Charter","UNIFIED",2009,2013,5
"847",50,"Stanislaus",40717,"Modesto City Schools","Comm Admin Dist",2003,2016,14
"848",50,"Stanislaus",71043,"Ceres Unified","UNIFIED",2003,2016,14
"849",50,"Stanislaus",71050,"Chatom Union Elementary","ELEMENTARY",2003,2016,14
"850",50,"Stanislaus",71068,"Denair Unified","UNIFIED",2003,2016,14
"851",50,"Stanislaus",71076,"Empire Union Elementary","ELEMENTARY",2003,2016,14
"852",50,"Stanislaus",71084,"Gratton Elementary","ELEMENTARY",2003,2016,14
"853",50,"Stanislaus",71092,"Hart-Ransom Union Elementary","ELEMENTARY",2003,2016,14
"854",50,"Stanislaus",71100,"Hickman Elementary","ELEMENTARY",2003,2016,14
"855",50,"Stanislaus",71134,"Keyes Union Elementary","ELEMENTARY",2003,2016,14
"856",50,"Stanislaus",71142,"Knights Ferry Elementary","ELEMENTARY",2003,2016,14
"857",50,"Stanislaus",71159,"La Grange Elementary","ELEMENTARY",2003,2012,10
"858",50,"Stanislaus",71209,"Paradise Elementary","ELEMENTARY",2003,2016,14
"859",50,"Stanislaus",71217,"Patterson Joint Unified","UNIFIED",2003,2016,14
"860",50,"Stanislaus",71233,"Roberts Ferry Union Elementary","ELEMENTARY",2003,2016,14
"861",50,"Stanislaus",71266,"Salida Union Elementary","ELEMENTARY",2003,2016,14
"862",50,"Stanislaus",71274,"Shiloh Elementary","ELEMENTARY",2003,2016,14
"863",50,"Stanislaus",71282,"Stanislaus Union Elementary","ELEMENTARY",2003,2016,14
"864",50,"Stanislaus",71290,"Sylvan Union Elementary","ELEMENTARY",2003,2016,14
"865",50,"Stanislaus",71308,"Turlock Joint Elementary","ELEMENTARY",2003,2004,2
"866",50,"Stanislaus",71316,"Turlock Joint Union High","HIGH",2003,2004,2
"867",50,"Stanislaus",71324,"Valley Home Joint Elementary","ELEMENTARY",2003,2016,14
"868",50,"Stanislaus",73601,"Newman-Crows Landing Unified","UNIFIED",2003,2016,14
"869",50,"Stanislaus",75549,"Hughson Unified","UNIFIED",2003,2016,14
"870",50,"Stanislaus",75556,"Riverbank Unified","UNIFIED",2003,2016,14
"871",50,"Stanislaus",75564,"Oakdale Joint Unified","UNIFIED",2003,2016,14
"872",50,"Stanislaus",75572,"Waterford Unified","UNIFIED",2003,2016,14
"873",50,"Stanislaus",75739,"Turlock Unified","UNIFIED",2004,2016,13
"874",51,"Sutter",71357,"Brittan Elementary","ELEMENTARY",2003,2016,14
"875",51,"Sutter",71365,"Browns Elementary","ELEMENTARY",2003,2016,14
"876",51,"Sutter",71373,"East Nicolaus Joint Union High","HIGH",2003,2016,14
"877",51,"Sutter",71381,"Franklin Elementary","ELEMENTARY",2003,2016,14
"878",51,"Sutter",71399,"Live Oak Unified","UNIFIED",2003,2016,14
"879",51,"Sutter",71407,"Marcum-Illinois Union Elementary","ELEMENTARY",2003,2016,14
"880",51,"Sutter",71415,"Meridian Elementary","ELEMENTARY",2003,2016,14
"881",51,"Sutter",71423,"Nuestro Elementary","ELEMENTARY",2003,2016,14
"882",51,"Sutter",71431,"Pleasant Grove Joint Union Elementary","ELEMENTARY",2003,2016,14
"883",51,"Sutter",71449,"Sutter Union High","HIGH",2003,2016,14
"884",51,"Sutter",71456,"Winship Elementary","ELEMENTARY",2003,2016,14
"885",51,"Sutter",71464,"Yuba City Unified","UNIFIED",2003,2016,14
"886",52,"Tehama",71472,"Antelope Elementary","ELEMENTARY",2003,2016,14
"887",52,"Tehama",71480,"Bend Elementary","ELEMENTARY",2003,2012,10
"888",52,"Tehama",71498,"Corning Union Elementary","ELEMENTARY",2003,2016,14
"889",52,"Tehama",71506,"Corning Union High","HIGH",2003,2016,14
"890",52,"Tehama",71514,"Elkins Elementary","ELEMENTARY",2003,2016,14
"891",52,"Tehama",71522,"Evergreen Union Elementary","ELEMENTARY",2003,2016,14
"892",52,"Tehama",71530,"Flournoy Union Elementary","ELEMENTARY",2003,2016,14
"893",52,"Tehama",71548,"Gerber Union Elementary","ELEMENTARY",2003,2016,14
"894",52,"Tehama",71555,"Kirkwood Elementary","ELEMENTARY",2003,2016,14
"895",52,"Tehama",71563,"Lassen View Union Elementary","ELEMENTARY",2003,2016,14
"896",52,"Tehama",71571,"Los Molinos Unified","UNIFIED",2003,2016,14
"897",52,"Tehama",71589,"Manton Joint Union Elementary","ELEMENTARY",2003,2013,11
"898",52,"Tehama",71605,"Mineral Elementary","ELEMENTARY",2003,2013,11
"899",52,"Tehama",71613,"Plum Valley Elementary","ELEMENTARY",2003,2013,11
"900",52,"Tehama",71621,"Red Bluff Union Elementary","ELEMENTARY",2003,2016,14
"901",52,"Tehama",71639,"Red Bluff Union High","HIGH",2003,2016,14
"902",52,"Tehama",71647,"Reeds Creek Elementary","ELEMENTARY",2003,2016,14
"903",52,"Tehama",71654,"Richfield Elementary","ELEMENTARY",2003,2016,14
"904",53,"Trinity",71662,"Burnt Ranch Elementary","ELEMENTARY",2003,2016,14
"905",53,"Trinity",71670,"Coffee Creek Elementary","ELEMENTARY",2003,2016,14
"906",53,"Trinity",71688,"Cox Bar Elementary","ELEMENTARY",2003,2014,12
"907",53,"Trinity",71696,"Douglas City Elementary","ELEMENTARY",2003,2016,14
"908",53,"Trinity",71738,"Junction City Elementary","ELEMENTARY",2003,2016,14
"909",53,"Trinity",71746,"Lewiston Elementary","ELEMENTARY",2003,2016,14
"910",53,"Trinity",71761,"Trinity Center Elementary","ELEMENTARY",2003,2016,14
"911",53,"Trinity",71779,"Trinity Union High","HIGH",2003,2008,6
"912",53,"Trinity",71787,"Weaverville Elementary","ELEMENTARY",2003,2008,6
"913",53,"Trinity",73833,"Southern Trinity Joint Unified","UNIFIED",2003,2016,14
"914",53,"Trinity",75028,"Mountain Valley Unified","UNIFIED",2003,2016,14
"915",53,"Trinity",76513,"Trinity Alps Unified","UNIFIED",2008,2016,9
"916",54,"Tulare",71795,"Allensworth Elementary","ELEMENTARY",2003,2016,14
"917",54,"Tulare",71803,"Alpaugh Unified","UNIFIED",2003,2016,14
"918",54,"Tulare",71811,"Alta Vista Elementary","ELEMENTARY",2003,2016,14
"919",54,"Tulare",71829,"Buena Vista Elementary","ELEMENTARY",2003,2016,14
"920",54,"Tulare",71837,"Burton Elementary","ELEMENTARY",2003,2016,14
"921",54,"Tulare",71845,"Citrus South Tule Elementary","ELEMENTARY",2003,2015,13
"922",54,"Tulare",71852,"Columbine Elementary","ELEMENTARY",2003,2016,14
"923",54,"Tulare",71860,"Cutler-Orosi Joint Unified","UNIFIED",2003,2016,14
"924",54,"Tulare",71894,"Ducor Union Elementary","ELEMENTARY",2003,2016,14
"925",54,"Tulare",71902,"Earlimart Elementary","ELEMENTARY",2003,2016,14
"926",54,"Tulare",71910,"Exeter Union Elementary","ELEMENTARY",2003,2013,11
"927",54,"Tulare",71928,"Exeter Union High","HIGH",2003,2013,11
"928",54,"Tulare",71944,"Hope Elementary","ELEMENTARY",2003,2016,14
"929",54,"Tulare",71951,"Hot Springs Elementary","ELEMENTARY",2003,2016,14
"930",54,"Tulare",71969,"Kings River Union Elementary","ELEMENTARY",2003,2016,14
"931",54,"Tulare",71985,"Liberty Elementary","ELEMENTARY",2003,2016,14
"932",54,"Tulare",71993,"Lindsay Unified","UNIFIED",2003,2016,14
"933",54,"Tulare",72009,"Monson-Sultana Joint Union Elementary","ELEMENTARY",2003,2016,14
"934",54,"Tulare",72017,"Oak Valley Union Elementary","ELEMENTARY",2003,2016,14
"935",54,"Tulare",72025,"Outside Creek Elementary","ELEMENTARY",2003,2016,14
"936",54,"Tulare",72033,"Palo Verde Union Elementary","ELEMENTARY",2003,2016,14
"937",54,"Tulare",72041,"Pixley Union Elementary","ELEMENTARY",2003,2016,14
"938",54,"Tulare",72058,"Pleasant View Elementary","ELEMENTARY",2003,2016,14
"939",54,"Tulare",72082,"Richgrove Elementary","ELEMENTARY",2003,2016,14
"940",54,"Tulare",72090,"Rockford Elementary","ELEMENTARY",2003,2016,14
"941",54,"Tulare",72108,"Saucelito Elementary","ELEMENTARY",2003,2016,14
"942",54,"Tulare",72116,"Sequoia Union Elementary","ELEMENTARY",2003,2016,14
"943",54,"Tulare",72132,"Springville Union Elementary","ELEMENTARY",2003,2016,14
"944",54,"Tulare",72140,"Stone Corral Elementary","ELEMENTARY",2003,2016,14
"945",54,"Tulare",72157,"Strathmore Union Elementary","ELEMENTARY",2003,2016,14
"946",54,"Tulare",72165,"Strathmore Union High","HIGH",2003,2004,2
"947",54,"Tulare",72173,"Sundale Union Elementary","ELEMENTARY",2003,2016,14
"948",54,"Tulare",72181,"Sunnyside Union Elementary","ELEMENTARY",2003,2016,14
"949",54,"Tulare",72199,"Terra Bella Union Elementary","ELEMENTARY",2003,2016,14
"950",54,"Tulare",72207,"Three Rivers Union Elementary","ELEMENTARY",2003,2016,14
"951",54,"Tulare",72215,"Tipton Elementary","ELEMENTARY",2003,2016,14
"952",54,"Tulare",72223,"Traver Joint Elementary","ELEMENTARY",2003,2016,14
"953",54,"Tulare",72231,"Tulare City Elementary","ELEMENTARY",2003,2016,14
"954",54,"Tulare",72249,"Tulare Joint Union High","HIGH",2003,2016,14
"955",54,"Tulare",72256,"Visalia Unified","UNIFIED",2003,2016,14
"956",54,"Tulare",72264,"Waukena Joint Union Elementary","ELEMENTARY",2003,2016,14
"957",54,"Tulare",72272,"Woodlake Union Elementary","ELEMENTARY",2003,2012,10
"958",54,"Tulare",72280,"Woodlake Union High","HIGH",2003,2012,10
"959",54,"Tulare",72298,"Woodville Elementary","ELEMENTARY",2003,2016,14
"960",54,"Tulare",75325,"Farmersville Unified","UNIFIED",2003,2016,14
"961",54,"Tulare",75523,"Porterville Unified","UNIFIED",2003,2016,14
"962",54,"Tulare",75531,"Dinuba Unified","UNIFIED",2003,2016,14
"963",54,"Tulare",76794,"Woodlake Unified","UNIFIED",2012,2016,5
"964",54,"Tulare",76836,"Exeter Unified","UNIFIED",2013,2016,4
"965",55,"Tuolumne",72306,"Belleview Elementary","ELEMENTARY",2003,2016,14
"966",55,"Tuolumne",72330,"Chinese Camp Elementary","ELEMENTARY",2003,2009,7
"967",55,"Tuolumne",72348,"Columbia Union Elementary","ELEMENTARY",2003,2016,14
"968",55,"Tuolumne",72355,"Curtis Creek Elementary","ELEMENTARY",2003,2016,14
"969",55,"Tuolumne",72363,"Jamestown Elementary","ELEMENTARY",2003,2016,14
"970",55,"Tuolumne",72371,"Sonora Elementary","ELEMENTARY",2003,2016,14
"971",55,"Tuolumne",72389,"Sonora Union High","HIGH",2003,2016,14
"972",55,"Tuolumne",72397,"Soulsbyville Elementary","ELEMENTARY",2003,2016,14
"973",55,"Tuolumne",72405,"Summerville Elementary","ELEMENTARY",2003,2016,14
"974",55,"Tuolumne",72413,"Summerville Union High","HIGH",2003,2016,14
"975",55,"Tuolumne",72421,"Twain Harte-Long Barn Union Elementary","ELEMENTARY",2003,2016,14
"976",55,"Tuolumne",75184,"Big Oak Flat-Groveland Unified","UNIFIED",2003,2016,14
"977",56,"Ventura",72447,"Briggs Elementary","ELEMENTARY",2003,2016,14
"978",56,"Ventura",72454,"Fillmore Unified","UNIFIED",2003,2016,14
"979",56,"Ventura",72462,"Hueneme Elementary","ELEMENTARY",2003,2016,14
"980",56,"Ventura",72470,"Mesa Union Elementary","ELEMENTARY",2003,2016,14
"981",56,"Ventura",72504,"Mupu Elementary","ELEMENTARY",2003,2016,14
"982",56,"Ventura",72512,"Ocean View Elementary","ELEMENTARY",2003,2016,14
"983",56,"Ventura",72520,"Ojai Unified","UNIFIED",2003,2016,14
"984",56,"Ventura",72538,"Oxnard Elementary","ELEMENTARY",2003,2016,14
"985",56,"Ventura",72546,"Oxnard Union High","HIGH",2003,2016,14
"986",56,"Ventura",72553,"Pleasant Valley School","ELEMENTARY",2003,2016,14
"987",56,"Ventura",72561,"Rio Elementary","ELEMENTARY",2003,2016,14
"988",56,"Ventura",72579,"Santa Clara Elementary","ELEMENTARY",2003,2016,14
"989",56,"Ventura",72587,"Santa Paula Elementary","ELEMENTARY",2003,2013,11
"990",56,"Ventura",72595,"Santa Paula Union High","HIGH",2003,2013,11
"991",56,"Ventura",72603,"Simi Valley Unified","UNIFIED",2003,2016,14
"992",56,"Ventura",72611,"Somis Union Elementary","ELEMENTARY",2003,2016,14
"993",56,"Ventura",72652,"Ventura Unified","UNIFIED",2003,2016,14
"994",56,"Ventura",73759,"Conejo Valley Unified","UNIFIED",2003,2016,14
"995",56,"Ventura",73874,"Oak Park Unified","UNIFIED",2003,2016,14
"996",56,"Ventura",73940,"Moorpark Unified","UNIFIED",2003,2016,14
"997",56,"Ventura",76828,"Santa Paula Unified","UNIFIED",2013,2016,4
"998",57,"Yolo",72678,"Davis Joint Unified","UNIFIED",2003,2016,14
"999",57,"Yolo",72686,"Esparto Unified","UNIFIED",2003,2016,14
"1000",57,"Yolo",72694,"Washington Unified","UNIFIED",2003,2016,14
"1001",57,"Yolo",72702,"Winters Joint Unified","UNIFIED",2003,2016,14
"1002",57,"Yolo",72710,"Woodland Joint Unified","UNIFIED",2003,2016,14
"1003",58,"Yuba",72728,"Camptonville Elementary","ELEMENTARY",2003,2016,14
"1004",58,"Yuba",72736,"Marysville Joint Unified","UNIFIED",2003,2016,14
"1005",58,"Yuba",72744,"Plumas Elementary","ELEMENTARY",2003,2016,14
"1006",58,"Yuba",72751,"Wheatland Elementary","ELEMENTARY",2003,2016,14
"1007",58,"Yuba",72769,"Wheatland Union High","HIGH",2003,2016,14
